epoch,train_loss,train_box_loss,train_conf_loss,train_class_loss,val_precision,val_recall,val_f1,lr
1,11.92638,6.43710,4.07955,1.40973,0.00102,0.33036,0.00203,0.0000595
2,9.13662,5.62466,2.27087,1.24108,0.00102,0.33036,0.00203,0.0001090
3,8.34247,5.30282,1.91625,1.12340,0.00102,0.33036,0.00203,0.0001585
4,8.32127,5.51331,1.76600,1.04197,0.00102,0.33036,0.00203,0.0002080
5,7.50949,4.88896,1.61755,1.00298,0.00102,0.33036,0.00203,0.0002575
6,6.90828,4.43953,1.49689,0.97185,0.00102,0.33036,0.00203,0.0003070
7,6.51097,4.20418,1.36850,0.93829,0.00102,0.33036,0.00203,0.0003565
8,5.96790,3.84456,1.20090,0.92244,0.00102,0.33036,0.00203,0.0004060
9,5.56654,3.60299,1.07077,0.89278,0.00102,0.33036,0.00203,0.0004555
10,5.44950,3.67355,0.92322,0.85273,0.01176,0.78571,0.02303,0.0005050
11,5.06246,3.36966,0.85083,0.84197,0.01176,0.78571,0.02303,0.0005545
12,4.81140,3.27736,0.73707,0.79698,0.01176,0.78571,0.02303,0.0006040
13,4.59425,3.22736,0.64608,0.72081,0.01176,0.78571,0.02303,0.0006535
14,4.61732,3.32611,0.60458,0.68663,0.01176,0.78571,0.02303,0.0007030
15,4.82189,3.63575,0.55660,0.62954,0.01176,0.78571,0.02303,0.0007525
16,4.14844,3.04680,0.51083,0.59081,0.01176,0.78571,0.02303,0.0008020
17,4.24738,3.19234,0.47436,0.58068,0.01176,0.78571,0.02303,0.0008515
18,3.86929,2.90803,0.41823,0.54303,0.01176,0.78571,0.02303,0.0009010
19,3.54240,2.70895,0.35347,0.47998,0.01176,0.78571,0.02303,0.0009505
20,3.69557,2.92487,0.33211,0.43858,0.09628,0.96429,0.16681,0.0010000
21,3.76103,2.97815,0.34195,0.44092,0.09628,0.96429,0.16681,0.0010000
22,3.38941,2.68672,0.29079,0.41191,0.09628,0.96429,0.16681,0.0010000
23,3.18333,2.54136,0.26287,0.37910,0.09628,0.96429,0.16681,0.0010000
24,3.10069,2.51922,0.25340,0.32808,0.09628,0.96429,0.16681,0.0010000
25,2.83847,2.34165,0.22343,0.27339,0.09628,0.96429,0.16681,0.0009999
26,2.88351,2.42124,0.22742,0.23485,0.09628,0.96429,0.16681,0.0009999
27,2.84896,2.40273,0.21942,0.22680,0.09628,0.96429,0.16681,0.0009999
28,2.77493,2.34108,0.21231,0.22154,0.09628,0.96429,0.16681,0.0009998
29,2.69600,2.30622,0.18689,0.20289,0.09628,0.96429,0.16681,0.0009998
30,2.50039,2.14374,0.17538,0.18126,0.13267,1.00000,0.23238,0.0009998
31,2.38610,2.06169,0.17459,0.14982,0.13267,1.00000,0.23238,0.0009997
32,2.41381,2.10099,0.15935,0.15347,0.13267,1.00000,0.23238,0.0009996
33,2.44005,2.13328,0.14972,0.15704,0.13267,1.00000,0.23238,0.0009996
34,2.39552,2.09143,0.14716,0.15693,0.13267,1.00000,0.23238,0.0009995
35,2.30586,2.03532,0.14199,0.12855,0.13267,1.00000,0.23238,0.0009995
36,2.27922,2.00227,0.14633,0.13062,0.13267,1.00000,0.23238,0.0009994
37,2.55657,2.29125,0.14774,0.11757,0.13267,1.00000,0.23238,0.0009993
38,2.45848,2.19035,0.14531,0.12282,0.13267,1.00000,0.23238,0.0009992
39,2.39117,2.13248,0.14073,0.11796,0.13267,1.00000,0.23238,0.0009991
40,2.29057,2.05704,0.12708,0.10645,0.17844,1.00000,0.29906,0.0009990
41,2.20114,1.94676,0.13327,0.12112,0.17844,1.00000,0.29906,0.0009989
42,2.12768,1.90368,0.12061,0.10339,0.17844,1.00000,0.29906,0.0009988
43,2.01578,1.80080,0.11670,0.09828,0.17844,1.00000,0.29906,0.0009987
44,1.95592,1.75214,0.12241,0.08137,0.17844,1.00000,0.29906,0.0009986
45,2.18949,1.99615,0.11148,0.08186,0.17844,1.00000,0.29906,0.0009985
46,2.10933,1.91402,0.11103,0.08429,0.17844,1.00000,0.29906,0.0009983
47,2.04423,1.85056,0.10883,0.08485,0.17844,1.00000,0.29906,0.0009982
48,2.04386,1.86497,0.10276,0.07613,0.17844,1.00000,0.29906,0.0009981
49,2.21665,2.03531,0.10453,0.07681,0.17844,1.00000,0.29906,0.0009979
50,2.01609,1.81538,0.11002,0.09070,0.24936,1.00000,0.39896,0.0009978
51,2.00161,1.83399,0.10187,0.06575,0.24936,1.00000,0.39896,0.0009977
52,1.88256,1.73133,0.09215,0.05908,0.24936,1.00000,0.39896,0.0009975
53,1.85569,1.70297,0.10059,0.05213,0.24936,1.00000,0.39896,0.0009973
54,1.92219,1.76595,0.09285,0.06340,0.24936,1.00000,0.39896,0.0009972
55,1.82335,1.66898,0.09253,0.06184,0.24936,1.00000,0.39896,0.0009970
56,1.84447,1.69866,0.09599,0.04982,0.24936,1.00000,0.39896,0.0009968
57,1.75931,1.61302,0.08830,0.05799,0.24936,1.00000,0.39896,0.0009967
58,1.75754,1.60533,0.08702,0.06518,0.24936,1.00000,0.39896,0.0009965
59,1.80159,1.66406,0.08375,0.05378,0.24936,1.00000,0.39896,0.0009963
60,1.73937,1.61643,0.08197,0.04097,0.31187,1.00000,0.47216,0.0009961
61,1.72635,1.60007,0.08076,0.04552,0.31187,1.00000,0.47216,0.0009959
62,1.60838,1.48442,0.08251,0.04145,0.31187,1.00000,0.47216,0.0009957
63,1.59401,1.47272,0.07958,0.04171,0.31187,1.00000,0.47216,0.0009955
64,1.61502,1.49524,0.08044,0.03934,0.31187,1.00000,0.47216,0.0009953
65,1.71082,1.58705,0.07714,0.04663,0.31187,1.00000,0.47216,0.0009951
66,1.64965,1.51920,0.07939,0.05106,0.31187,1.00000,0.47216,0.0009948
67,1.64358,1.51189,0.08369,0.04800,0.31187,1.00000,0.47216,0.0009946
68,1.64573,1.52079,0.08355,0.04138,0.31187,1.00000,0.47216,0.0009944
69,1.58946,1.47435,0.07603,0.03908,0.31187,1.00000,0.47216,0.0009941
70,1.64285,1.52906,0.07522,0.03856,0.35751,1.00000,0.52462,0.0009939
71,1.48450,1.36379,0.07872,0.04199,0.35751,1.00000,0.52462,0.0009937
72,1.57092,1.46456,0.07275,0.03361,0.35751,1.00000,0.52462,0.0009934
73,1.62122,1.51169,0.07458,0.03494,0.35751,1.00000,0.52462,0.0009932
74,1.70118,1.58363,0.08393,0.03362,0.35751,1.00000,0.52462,0.0009929
75,1.60697,1.50309,0.06889,0.03499,0.35751,1.00000,0.52462,0.0009926
76,1.58881,1.47763,0.07428,0.03690,0.35751,1.00000,0.52462,0.0009924
77,1.55208,1.44432,0.07360,0.03415,0.35751,1.00000,0.52462,0.0009921
78,1.53108,1.43389,0.06753,0.02966,0.35751,1.00000,0.52462,0.0009918
79,1.53806,1.43653,0.06826,0.03326,0.35751,1.00000,0.52462,0.0009915
80,1.39428,1.29660,0.06386,0.03382,0.49831,1.00000,0.65641,0.0009912
81,1.57312,1.47379,0.06830,0.03102,0.49831,1.00000,0.65641,0.0009909
82,1.53532,1.41964,0.08090,0.03477,0.49831,1.00000,0.65641,0.0009906
83,1.50560,1.39636,0.07220,0.03704,0.49831,1.00000,0.65641,0.0009903
84,1.59699,1.48119,0.06898,0.04682,0.49831,1.00000,0.65641,0.0009900
85,1.51258,1.40689,0.07474,0.03095,0.49831,1.00000,0.65641,0.0009897
86,1.49560,1.40331,0.06740,0.02489,0.49831,1.00000,0.65641,0.0009894
87,1.47909,1.37341,0.06903,0.03665,0.49831,1.00000,0.65641,0.0009891
88,1.52143,1.42970,0.06926,0.02247,0.49831,1.00000,0.65641,0.0009887
89,1.61785,1.53391,0.06130,0.02264,0.49831,1.00000,0.65641,0.0009884
90,1.56172,1.46045,0.06838,0.03288,0.44103,1.00000,0.60100,0.0009881
91,1.46821,1.36937,0.06517,0.03367,0.44103,1.00000,0.60100,0.0009877
92,1.53147,1.44115,0.06218,0.02814,0.44103,1.00000,0.60100,0.0009874
93,1.50389,1.42052,0.06007,0.02330,0.44103,1.00000,0.60100,0.0009870
94,1.55633,1.45884,0.06659,0.03090,0.44103,1.00000,0.60100,0.0009867
95,1.51407,1.41922,0.06424,0.03061,0.44103,1.00000,0.60100,0.0009863
96,1.47366,1.37510,0.06203,0.03653,0.44103,1.00000,0.60100,0.0009860
97,1.45878,1.35216,0.06180,0.04482,0.44103,1.00000,0.60100,0.0009856
98,1.42465,1.33057,0.06526,0.02883,0.44103,1.00000,0.60100,0.0009852
99,1.45108,1.36835,0.06095,0.02178,0.44103,1.00000,0.60100,0.0009848
100,1.36711,1.28457,0.05681,0.02572,0.52350,1.00000,0.67260,0.0009844
101,1.42273,1.33174,0.06161,0.02937,0.52350,1.00000,0.67260,0.0009841
102,1.37493,1.28601,0.05799,0.03092,0.52350,1.00000,0.67260,0.0009837
103,1.35397,1.27543,0.05554,0.02299,0.52350,1.00000,0.67260,0.0009833
104,1.40078,1.31307,0.05284,0.03487,0.52350,1.00000,0.67260,0.0009829
105,1.40677,1.30762,0.06850,0.03065,0.52350,1.00000,0.67260,0.0009825
106,1.37169,1.29147,0.05958,0.02064,0.52350,1.00000,0.67260,0.0009820
107,1.34763,1.27150,0.05505,0.02107,0.52350,1.00000,0.67260,0.0009816
108,1.35032,1.26733,0.05801,0.02498,0.52350,1.00000,0.67260,0.0009812
109,1.25567,1.18280,0.05501,0.01786,0.52350,1.00000,0.67260,0.0009808
110,1.20095,1.12848,0.05147,0.02100,0.53111,1.00000,0.68547,0.0009803
111,1.22557,1.15226,0.05273,0.02059,0.53111,1.00000,0.68547,0.0009799
112,1.35260,1.27319,0.05451,0.02489,0.53111,1.00000,0.68547,0.0009795
113,1.28631,1.21468,0.05362,0.01801,0.53111,1.00000,0.68547,0.0009790
114,1.25994,1.19277,0.04876,0.01841,0.53111,1.00000,0.68547,0.0009786
115,1.42228,1.33346,0.06581,0.02301,0.53111,1.00000,0.68547,0.0009781
116,1.32853,1.25684,0.05061,0.02109,0.53111,1.00000,0.68547,0.0009777
117,1.36668,1.29098,0.05290,0.02280,0.53111,1.00000,0.68547,0.0009772
118,1.20875,1.13930,0.05248,0.01697,0.53111,1.00000,0.68547,0.0009767
119,1.31686,1.25024,0.05098,0.01564,0.53111,1.00000,0.68547,0.0009763
120,1.24743,1.18222,0.04932,0.01590,0.57203,1.00000,0.70938,0.0009758
121,1.33793,1.26206,0.04854,0.02733,0.57203,1.00000,0.70938,0.0009753
122,1.30065,1.22360,0.05421,0.02283,0.57203,1.00000,0.70938,0.0009748
123,1.30738,1.24212,0.04768,0.01758,0.57203,1.00000,0.70938,0.0009743
124,1.33786,1.27060,0.05000,0.01726,0.57203,1.00000,0.70938,0.0009738
125,1.36353,1.28580,0.05990,0.01783,0.57203,1.00000,0.70938,0.0009733
126,1.26949,1.19912,0.05362,0.01676,0.57203,1.00000,0.70938,0.0009728
127,1.28029,1.20713,0.05479,0.01836,0.57203,1.00000,0.70938,0.0009723
128,1.18915,1.11462,0.05627,0.01826,0.57203,1.00000,0.70938,0.0009718
129,1.22178,1.15806,0.04990,0.01383,0.57203,1.00000,0.70938,0.0009713
130,1.25793,1.18394,0.05626,0.01773,0.55813,1.00000,0.70016,0.0009707
131,1.30001,1.22317,0.05599,0.02085,0.55813,1.00000,0.70016,0.0009702
132,1.23854,1.16786,0.05304,0.01763,0.55813,1.00000,0.70016,0.0009697
133,1.26735,1.20004,0.05028,0.01703,0.55813,1.00000,0.70016,0.0009691
134,1.31152,1.24385,0.05098,0.01668,0.55813,1.00000,0.70016,0.0009686
135,1.23120,1.13183,0.08242,0.01694,0.55813,1.00000,0.70016,0.0009680
136,1.27306,1.16546,0.08730,0.02030,0.55813,1.00000,0.70016,0.0009675
137,1.32981,1.13633,0.16805,0.02543,0.55813,1.00000,0.70016,0.0009669
138,1.30883,1.19576,0.09810,0.01497,0.55813,1.00000,0.70016,0.0009664
139,1.27188,1.18439,0.07166,0.01583,0.55813,1.00000,0.70016,0.0009658
140,1.16270,1.09070,0.05462,0.01739,0.53667,1.00000,0.68192,0.0009652
141,1.21515,1.12847,0.06843,0.01825,0.53667,1.00000,0.68192,0.0009647
142,1.26260,1.18345,0.05507,0.02408,0.53667,1.00000,0.68192,0.0009641
143,1.23503,1.16389,0.05067,0.02046,0.53667,1.00000,0.68192,0.0009635
144,1.21808,1.13974,0.05725,0.02110,0.53667,1.00000,0.68192,0.0009629
145,1.17661,1.11061,0.04995,0.01605,0.53667,1.00000,0.68192,0.0009623
146,1.20526,1.14402,0.04764,0.01359,0.53667,1.00000,0.68192,0.0009617
147,1.23045,1.16377,0.04684,0.01984,0.53667,1.00000,0.68192,0.0009611
148,1.21867,1.15826,0.04266,0.01774,0.53667,1.00000,0.68192,0.0009605
149,1.29019,1.20705,0.06226,0.02088,0.53667,1.00000,0.68192,0.0009599
150,1.30641,1.24530,0.04616,0.01496,0.61585,1.00000,0.74985,0.0009593
151,1.29922,1.23205,0.05291,0.01426,0.61585,1.00000,0.74985,0.0009587
152,1.23715,1.15610,0.05290,0.02816,0.61585,1.00000,0.74985,0.0009580
153,1.16130,1.09820,0.04727,0.01583,0.61585,1.00000,0.74985,0.0009574
154,1.20552,1.14380,0.04754,0.01417,0.61585,1.00000,0.74985,0.0009568
155,1.20883,1.15115,0.04542,0.01226,0.61585,1.00000,0.74985,0.0009561
156,1.23633,1.17962,0.04339,0.01333,0.61585,1.00000,0.74985,0.0009555
157,1.27451,1.20341,0.05541,0.01569,0.61585,1.00000,0.74985,0.0009549
158,1.21802,1.13697,0.06396,0.01710,0.61585,1.00000,0.74985,0.0009542
159,1.18299,1.10632,0.05501,0.02166,0.61585,1.00000,0.74985,0.0009535
160,1.30624,1.23504,0.05533,0.01588,0.45962,1.00000,0.62339,0.0009529
161,1.24805,1.17367,0.05911,0.01527,0.45962,1.00000,0.62339,0.0009522
162,1.30986,1.24060,0.05241,0.01685,0.45962,1.00000,0.62339,0.0009516
163,1.24260,1.18062,0.04775,0.01423,0.45962,1.00000,0.62339,0.0009509
164,1.07205,1.00960,0.04305,0.01940,0.45962,1.00000,0.62339,0.0009502
165,1.15431,1.09580,0.04316,0.01535,0.45962,1.00000,0.62339,0.0009495
166,1.07201,1.01410,0.04105,0.01687,0.45962,1.00000,0.62339,0.0009488
167,1.10993,1.05451,0.04433,0.01109,0.45962,1.00000,0.62339,0.0009481
168,1.11606,1.06018,0.04234,0.01354,0.45962,1.00000,0.62339,0.0009475
169,1.16953,1.10874,0.05022,0.01057,0.45962,1.00000,0.62339,0.0009468
170,1.10598,1.04994,0.04458,0.01146,0.67785,1.00000,0.79803,0.0009460
171,1.18384,1.12085,0.04788,0.01511,0.67785,1.00000,0.79803,0.0009453
172,1.10804,1.05081,0.04557,0.01166,0.67785,1.00000,0.79803,0.0009446
173,1.15882,1.09856,0.04686,0.01341,0.67785,1.00000,0.79803,0.0009439
174,1.22318,1.16674,0.04243,0.01401,0.67785,1.00000,0.79803,0.0009432
175,1.16354,1.10707,0.04269,0.01378,0.67785,1.00000,0.79803,0.0009425
176,1.09982,1.03894,0.04524,0.01564,0.67785,1.00000,0.79803,0.0009417
177,1.06797,1.00746,0.04814,0.01237,0.67785,1.00000,0.79803,0.0009410
178,1.16965,1.11543,0.03881,0.01542,0.67785,1.00000,0.79803,0.0009403
179,1.13679,1.06895,0.04867,0.01918,0.67785,1.00000,0.79803,0.0009395
180,1.15605,1.10402,0.03931,0.01271,0.55791,1.00000,0.69961,0.0009388
181,1.17086,1.11148,0.04113,0.01825,0.55791,1.00000,0.69961,0.0009380
182,1.13367,1.07988,0.03928,0.01451,0.55791,1.00000,0.69961,0.0009373
183,1.17068,1.11215,0.04677,0.01176,0.55791,1.00000,0.69961,0.0009365
184,1.12719,1.07566,0.03841,0.01312,0.55791,1.00000,0.69961,0.0009357
185,1.08925,1.03471,0.03875,0.01579,0.55791,1.00000,0.69961,0.0009350
186,1.14959,1.09417,0.03670,0.01873,0.55791,1.00000,0.69961,0.0009342
187,1.11747,1.06345,0.03957,0.01445,0.55791,1.00000,0.69961,0.0009334
188,1.11811,1.06808,0.03982,0.01022,0.55791,1.00000,0.69961,0.0009326
189,1.11582,1.05833,0.04100,0.01648,0.55791,1.00000,0.69961,0.0009319
190,1.14709,1.09587,0.03910,0.01212,0.61452,1.00000,0.75367,0.0009311
191,1.18446,1.13147,0.03908,0.01391,0.61452,1.00000,0.75367,0.0009303
192,1.04064,0.99308,0.03648,0.01108,0.61452,1.00000,0.75367,0.0009295
193,1.03012,0.98356,0.03647,0.01009,0.61452,1.00000,0.75367,0.0009287
194,1.10614,1.05591,0.04032,0.00992,0.61452,1.00000,0.75367,0.0009279
195,1.11741,1.06316,0.04074,0.01351,0.61452,1.00000,0.75367,0.0009271
196,1.08511,1.03730,0.03680,0.01101,0.61452,1.00000,0.75367,0.0009262
197,1.07325,1.02276,0.03748,0.01301,0.61452,1.00000,0.75367,0.0009254
198,0.99804,0.94098,0.04541,0.01165,0.61452,1.00000,0.75367,0.0009246
199,1.01878,0.96567,0.03902,0.01409,0.61452,1.00000,0.75367,0.0009238
200,1.06651,1.00921,0.04514,0.01216,0.58787,1.00000,0.72980,0.0009229
201,1.04306,0.99718,0.03717,0.00872,0.58787,1.00000,0.72980,0.0009221
202,1.03326,0.98574,0.03853,0.00899,0.58787,1.00000,0.72980,0.0009213
203,1.02569,0.97874,0.03662,0.01033,0.58787,1.00000,0.72980,0.0009204
204,0.98631,0.93928,0.03825,0.00879,0.58787,1.00000,0.72980,0.0009196
205,1.05751,1.00942,0.04055,0.00755,0.58787,1.00000,0.72980,0.0009187
206,1.08748,1.03870,0.03778,0.01100,0.58787,1.00000,0.72980,0.0009179
207,1.00573,0.95357,0.04070,0.01146,0.58787,1.00000,0.72980,0.0009170
208,0.97681,0.93077,0.03483,0.01121,0.58787,1.00000,0.72980,0.0009161
209,1.04299,0.99682,0.03617,0.00999,0.58787,1.00000,0.72980,0.0009153
210,0.98394,0.93661,0.03628,0.01105,0.64503,1.00000,0.77500,0.0009144
211,1.00210,0.95734,0.03552,0.00923,0.64503,1.00000,0.77500,0.0009135
212,1.12785,1.07955,0.03804,0.01025,0.64503,1.00000,0.77500,0.0009126
213,1.09139,1.04378,0.03638,0.01122,0.64503,1.00000,0.77500,0.0009118
214,1.08124,1.03600,0.03496,0.01028,0.64503,1.00000,0.77500,0.0009109
215,0.97931,0.93643,0.03356,0.00931,0.64503,1.00000,0.77500,0.0009100
216,1.08010,1.02840,0.04131,0.01039,0.64503,1.00000,0.77500,0.0009091
217,1.19277,1.14784,0.03339,0.01154,0.64503,1.00000,0.77500,0.0009082
218,1.07613,1.02635,0.03663,0.01315,0.64503,1.00000,0.77500,0.0009073
219,1.04460,0.99641,0.03712,0.01108,0.64503,1.00000,0.77500,0.0009064
220,0.98162,0.93487,0.03576,0.01099,0.68535,1.00000,0.81122,0.0009055
221,1.00472,0.96095,0.03491,0.00886,0.68535,1.00000,0.81122,0.0009045
222,0.97160,0.92761,0.03507,0.00892,0.68535,1.00000,0.81122,0.0009036
223,0.98945,0.94310,0.03312,0.01323,0.68535,1.00000,0.81122,0.0009027
224,1.02483,0.98220,0.03174,0.01089,0.68535,1.00000,0.81122,0.0009018
225,0.95517,0.91221,0.03366,0.00931,0.68535,1.00000,0.81122,0.0009008
226,0.96244,0.92149,0.03267,0.00828,0.68535,1.00000,0.81122,0.0008999
227,0.95593,0.91432,0.03284,0.00877,0.68535,1.00000,0.81122,0.0008990
228,0.93371,0.89145,0.03429,0.00797,0.68535,1.00000,0.81122,0.0008980
229,0.93815,0.89659,0.03284,0.00872,0.68535,1.00000,0.81122,0.0008971
230,0.92243,0.87945,0.03413,0.00885,0.76307,1.00000,0.86403,0.0008961
231,0.95391,0.91199,0.03190,0.01003,0.76307,1.00000,0.86403,0.0008952
232,0.96672,0.91446,0.03476,0.01750,0.76307,1.00000,0.86403,0.0008942
233,0.98679,0.94186,0.03685,0.00808,0.76307,1.00000,0.86403,0.0008933
234,1.01154,0.96616,0.03307,0.01231,0.76307,1.00000,0.86403,0.0008923
235,1.02106,0.97686,0.03314,0.01106,0.76307,1.00000,0.86403,0.0008913
236,1.01854,0.97042,0.03356,0.01457,0.76307,1.00000,0.86403,0.0008903
237,0.95963,0.91919,0.03005,0.01038,0.76307,1.00000,0.86403,0.0008894
238,0.94815,0.90133,0.03430,0.01251,0.76307,1.00000,0.86403,0.0008884
239,0.92838,0.88530,0.03472,0.00835,0.76307,1.00000,0.86403,0.0008874
240,0.96191,0.92089,0.03199,0.00903,0.66270,1.00000,0.78750,0.0008864
241,0.98345,0.93850,0.03367,0.01129,0.66270,1.00000,0.78750,0.0008854
242,0.95303,0.91386,0.03103,0.00815,0.66270,1.00000,0.78750,0.0008844
243,0.95519,0.91460,0.03340,0.00719,0.66270,1.00000,0.78750,0.0008834
244,0.93408,0.89352,0.03325,0.00730,0.66270,1.00000,0.78750,0.0008824
245,0.96163,0.91763,0.03530,0.00870,0.66270,1.00000,0.78750,0.0008814
246,0.95754,0.90974,0.03908,0.00871,0.66270,1.00000,0.78750,0.0008804
247,1.02033,0.97129,0.03618,0.01286,0.66270,1.00000,0.78750,0.0008794
248,0.85950,0.81617,0.03340,0.00993,0.66270,1.00000,0.78750,0.0008784
249,0.98300,0.94203,0.03217,0.00880,0.66270,1.00000,0.78750,0.0008773
250,0.97288,0.92441,0.03719,0.01128,0.64299,1.00000,0.76330,0.0008763
251,0.88518,0.84038,0.03400,0.01080,0.64299,1.00000,0.76330,0.0008753
252,0.92230,0.88221,0.03157,0.00852,0.64299,1.00000,0.76330,0.0008742
253,0.97570,0.93035,0.03490,0.01045,0.64299,1.00000,0.76330,0.0008732
254,0.89199,0.84789,0.03398,0.01011,0.64299,1.00000,0.76330,0.0008722
255,0.96290,0.92232,0.03263,0.00796,0.64299,1.00000,0.76330,0.0008711
256,1.00475,0.96247,0.03310,0.00918,0.64299,1.00000,0.76330,0.0008701
257,0.97225,0.92973,0.03188,0.01064,0.64299,1.00000,0.76330,0.0008690
258,0.89945,0.85448,0.03449,0.01048,0.64299,1.00000,0.76330,0.0008680
259,0.90704,0.86815,0.03154,0.00736,0.64299,1.00000,0.76330,0.0008669
260,0.89705,0.85368,0.03209,0.01128,0.67626,1.00000,0.80183,0.0008658
261,0.87967,0.83751,0.03286,0.00929,0.67626,1.00000,0.80183,0.0008648
262,0.87406,0.83637,0.02886,0.00883,0.67626,1.00000,0.80183,0.0008637
263,0.94449,0.88609,0.04629,0.01211,0.67626,1.00000,0.80183,0.0008626
264,0.99435,0.94691,0.03712,0.01033,0.67626,1.00000,0.80183,0.0008616
265,0.99230,0.94282,0.03918,0.01030,0.67626,1.00000,0.80183,0.0008605
266,0.95875,0.91414,0.03240,0.01221,0.67626,1.00000,0.80183,0.0008594
267,0.94974,0.90793,0.03339,0.00841,0.67626,1.00000,0.80183,0.0008583
268,1.02742,0.97973,0.03746,0.01023,0.67626,1.00000,0.80183,0.0008572
269,0.85932,0.81927,0.03252,0.00753,0.67626,1.00000,0.80183,0.0008561
270,0.85956,0.81413,0.03478,0.01065,0.65341,1.00000,0.77467,0.0008550
271,0.82242,0.78332,0.02970,0.00939,0.65341,1.00000,0.77467,0.0008539
272,0.84927,0.81067,0.03160,0.00701,0.65341,1.00000,0.77467,0.0008528
273,0.87266,0.83400,0.02993,0.00873,0.65341,1.00000,0.77467,0.0008517
274,0.80620,0.76763,0.03121,0.00736,0.65341,1.00000,0.77467,0.0008506
275,0.84007,0.80376,0.02993,0.00638,0.65341,1.00000,0.77467,0.0008495
276,0.80633,0.77395,0.02691,0.00547,0.65341,1.00000,0.77467,0.0008484
277,0.81828,0.77967,0.03183,0.00678,0.65341,1.00000,0.77467,0.0008472
278,0.84484,0.80803,0.02948,0.00733,0.65341,1.00000,0.77467,0.0008461
279,0.86754,0.83182,0.02659,0.00914,0.65341,1.00000,0.77467,0.0008450
280,0.92009,0.88421,0.02874,0.00715,0.72917,1.00000,0.83333,0.0008439
281,0.94731,0.90469,0.03204,0.01058,0.72917,1.00000,0.83333,0.0008427
282,0.91778,0.88576,0.02641,0.00560,0.72917,1.00000,0.83333,0.0008416
283,0.86019,0.82275,0.02890,0.00855,0.72917,1.00000,0.83333,0.0008404
284,0.91474,0.87712,0.02830,0.00932,0.72917,1.00000,0.83333,0.0008393
285,0.86864,0.82953,0.03289,0.00622,0.72917,1.00000,0.83333,0.0008381
286,0.85822,0.81933,0.03240,0.00650,0.72917,1.00000,0.83333,0.0008370
287,0.91050,0.87938,0.02612,0.00499,0.72917,1.00000,0.83333,0.0008358
288,0.91935,0.88001,0.02993,0.00941,0.72917,1.00000,0.83333,0.0008347
289,0.89551,0.86127,0.02717,0.00707,0.72917,1.00000,0.83333,0.0008335
290,0.88174,0.84614,0.02795,0.00764,0.70057,1.00000,0.81641,0.0008323
291,0.85697,0.81603,0.03154,0.00939,0.70057,1.00000,0.81641,0.0008312
292,0.82507,0.78798,0.02842,0.00866,0.70057,1.00000,0.81641,0.0008300
293,0.90916,0.87103,0.03077,0.00735,0.70057,1.00000,0.81641,0.0008288
294,0.83573,0.80140,0.02709,0.00723,0.70057,1.00000,0.81641,0.0008277
295,0.90518,0.86162,0.03053,0.01302,0.70057,1.00000,0.81641,0.0008265
296,0.86953,0.83450,0.02778,0.00725,0.70057,1.00000,0.81641,0.0008253
297,0.77942,0.74270,0.02954,0.00718,0.70057,1.00000,0.81641,0.0008241
298,0.87029,0.83540,0.02659,0.00830,0.70057,1.00000,0.81641,0.0008229
299,0.90228,0.85843,0.03618,0.00767,0.70057,1.00000,0.81641,0.0008217
300,0.89422,0.86040,0.02827,0.00554,0.78542,1.00000,0.87488,0.0008205
301,0.83295,0.79462,0.02563,0.01270,0.78542,1.00000,0.87488,0.0008193
302,0.87674,0.83579,0.02966,0.01129,0.78542,1.00000,0.87488,0.0008181
303,0.81363,0.77976,0.02730,0.00657,0.78542,1.00000,0.87488,0.0008169
304,0.91509,0.87897,0.02815,0.00797,0.78542,1.00000,0.87488,0.0008157
305,0.86087,0.81733,0.03582,0.00772,0.78542,1.00000,0.87488,0.0008145
306,0.85002,0.81448,0.02979,0.00575,0.78542,1.00000,0.87488,0.0008133
307,0.85160,0.81151,0.03194,0.00816,0.78542,1.00000,0.87488,0.0008121
308,0.80660,0.76860,0.02995,0.00804,0.78542,1.00000,0.87488,0.0008108
309,0.79642,0.76184,0.02677,0.00781,0.78542,1.00000,0.87488,0.0008096
310,0.82419,0.78960,0.02883,0.00576,0.75159,1.00000,0.84097,0.0008084
311,0.78950,0.75578,0.02729,0.00643,0.75159,1.00000,0.84097,0.0008072
312,0.90762,0.87253,0.02809,0.00700,0.75159,1.00000,0.84097,0.0008059
313,0.89954,0.86900,0.02468,0.00585,0.75159,1.00000,0.84097,0.0008047
314,0.86632,0.83011,0.02582,0.01039,0.75159,1.00000,0.84097,0.0008035
315,0.81665,0.77781,0.03318,0.00566,0.75159,1.00000,0.84097,0.0008022
316,0.81151,0.77477,0.02723,0.00950,0.75159,1.00000,0.84097,0.0008010
317,0.85348,0.81653,0.02989,0.00706,0.75159,1.00000,0.84097,0.0007997
318,0.88195,0.84500,0.02841,0.00853,0.75159,1.00000,0.84097,0.0007985
319,0.83665,0.79837,0.02618,0.01211,0.75159,1.00000,0.84097,0.0007972
320,0.82097,0.78337,0.02671,0.01089,0.80057,1.00000,0.88136,0.0007960
321,0.78045,0.74067,0.03077,0.00901,0.80057,1.00000,0.88136,0.0007947
322,0.85450,0.81783,0.03058,0.00608,0.80057,1.00000,0.88136,0.0007934
323,0.79547,0.76192,0.02543,0.00811,0.80057,1.00000,0.88136,0.0007922
324,0.78138,0.74134,0.03058,0.00947,0.80057,1.00000,0.88136,0.0007909
325,0.82492,0.78981,0.02792,0.00719,0.80057,1.00000,0.88136,0.0007896
326,0.82158,0.78327,0.03223,0.00608,0.80057,1.00000,0.88136,0.0007884
327,0.80094,0.76306,0.03216,0.00572,0.80057,1.00000,0.88136,0.0007871
328,0.85008,0.81289,0.03014,0.00705,0.80057,1.00000,0.88136,0.0007858
329,0.82735,0.79583,0.02541,0.00611,0.80057,1.00000,0.88136,0.0007845
330,0.79338,0.75947,0.02733,0.00659,0.76932,1.00000,0.86469,0.0007832
331,0.80245,0.76744,0.02813,0.00688,0.76932,1.00000,0.86469,0.0007819
332,0.77456,0.74404,0.02365,0.00687,0.76932,1.00000,0.86469,0.0007807
333,0.85651,0.82479,0.02565,0.00607,0.76932,1.00000,0.86469,0.0007794
334,0.77455,0.74273,0.02597,0.00585,0.76932,1.00000,0.86469,0.0007781
335,0.73469,0.70144,0.02844,0.00480,0.76932,1.00000,0.86469,0.0007768
336,0.85056,0.81017,0.03295,0.00743,0.76932,1.00000,0.86469,0.0007755
337,0.80133,0.76215,0.03174,0.00743,0.76932,1.00000,0.86469,0.0007742
338,0.85773,0.81757,0.03332,0.00685,0.76932,1.00000,0.86469,0.0007729
339,0.75914,0.72705,0.02737,0.00472,0.76932,1.00000,0.86469,0.0007715
340,0.80860,0.77221,0.02905,0.00734,0.76042,1.00000,0.85404,0.0007702
341,0.73400,0.70252,0.02636,0.00513,0.76042,1.00000,0.85404,0.0007689
342,0.85706,0.74744,0.10039,0.00923,0.76042,1.00000,0.85404,0.0007676
343,0.85727,0.79771,0.05148,0.00808,0.76042,1.00000,0.85404,0.0007663
344,0.77924,0.73074,0.03939,0.00911,0.76042,1.00000,0.85404,0.0007650
345,0.86273,0.80100,0.04696,0.01477,0.76042,1.00000,0.85404,0.0007636
346,0.89003,0.83752,0.04021,0.01230,0.76042,1.00000,0.85404,0.0007623
347,0.80011,0.75481,0.03742,0.00787,0.76042,1.00000,0.85404,0.0007610
348,0.77449,0.72630,0.03815,0.01004,0.76042,1.00000,0.85404,0.0007596
349,0.87753,0.83995,0.03073,0.00685,0.76042,1.00000,0.85404,0.0007583
350,0.87744,0.83971,0.03024,0.00749,0.74091,1.00000,0.84247,0.0007570
351,0.92624,0.88722,0.03121,0.00781,0.74091,1.00000,0.84247,0.0007556
352,0.89946,0.85627,0.03382,0.00937,0.74091,1.00000,0.84247,0.0007543
353,0.82071,0.78263,0.02888,0.00920,0.74091,1.00000,0.84247,0.0007529
354,0.78719,0.75200,0.03008,0.00511,0.74091,1.00000,0.84247,0.0007516
355,0.81408,0.77994,0.02712,0.00703,0.74091,1.00000,0.84247,0.0007503
356,0.84005,0.80293,0.02972,0.00739,0.74091,1.00000,0.84247,0.0007489
357,0.86929,0.83550,0.02943,0.00435,0.74091,1.00000,0.84247,0.0007475
358,0.85069,0.81706,0.02816,0.00548,0.74091,1.00000,0.84247,0.0007462
359,0.81926,0.78411,0.02796,0.00719,0.74091,1.00000,0.84247,0.0007448
360,0.75669,0.72450,0.02742,0.00476,0.90625,1.00000,0.94762,0.0007435
361,0.81612,0.78131,0.02945,0.00536,0.90625,1.00000,0.94762,0.0007421
362,0.77565,0.73968,0.02948,0.00648,0.90625,1.00000,0.94762,0.0007407
363,0.76814,0.73626,0.02607,0.00581,0.90625,1.00000,0.94762,0.0007394
364,0.76351,0.72906,0.02603,0.00842,0.90625,1.00000,0.94762,0.0007380
365,0.78510,0.75539,0.02491,0.00480,0.90625,1.00000,0.94762,0.0007366
366,0.78546,0.74545,0.03370,0.00630,0.90625,1.00000,0.94762,0.0007352
367,0.75812,0.72423,0.02776,0.00613,0.90625,1.00000,0.94762,0.0007339
368,0.84200,0.80963,0.02619,0.00618,0.90625,1.00000,0.94762,0.0007325
369,0.83239,0.80065,0.02571,0.00603,0.90625,1.00000,0.94762,0.0007311
370,0.83120,0.78678,0.03729,0.00713,0.77222,1.00000,0.85784,0.0007297
371,0.83488,0.79838,0.03009,0.00641,0.77222,1.00000,0.85784,0.0007283
372,0.82296,0.78757,0.02967,0.00572,0.77222,1.00000,0.85784,0.0007269
373,0.75543,0.72416,0.02611,0.00516,0.77222,1.00000,0.85784,0.0007256
374,0.79167,0.75659,0.02712,0.00795,0.77222,1.00000,0.85784,0.0007242
375,0.73227,0.70054,0.02603,0.00569,0.77222,1.00000,0.85784,0.0007228
376,0.78122,0.74535,0.02842,0.00745,0.77222,1.00000,0.85784,0.0007214
377,0.75116,0.72134,0.02479,0.00503,0.77222,1.00000,0.85784,0.0007200
378,0.73401,0.69716,0.02635,0.01050,0.77222,1.00000,0.85784,0.0007186
379,0.78452,0.74940,0.02548,0.00964,0.77222,1.00000,0.85784,0.0007172
380,0.78513,0.75253,0.02610,0.00651,0.76042,1.00000,0.85404,0.0007158
381,0.81182,0.77835,0.02680,0.00667,0.76042,1.00000,0.85404,0.0007144
382,0.81380,0.77642,0.03008,0.00730,0.76042,1.00000,0.85404,0.0007129
383,0.77347,0.74212,0.02537,0.00598,0.76042,1.00000,0.85404,0.0007115
384,0.73749,0.70559,0.02687,0.00504,0.76042,1.00000,0.85404,0.0007101
385,0.77187,0.74525,0.02220,0.00442,0.76042,1.00000,0.85404,0.0007087
386,0.79110,0.75901,0.02686,0.00523,0.76042,1.00000,0.85404,0.0007073
387,0.78956,0.76226,0.02282,0.00448,0.76042,1.00000,0.85404,0.0007059
388,0.78703,0.75444,0.02734,0.00524,0.76042,1.00000,0.85404,0.0007044
389,0.75482,0.72074,0.02701,0.00706,0.76042,1.00000,0.85404,0.0007030
390,0.71295,0.68274,0.02473,0.00548,0.79444,1.00000,0.87847,0.0007016
391,0.73932,0.70828,0.02516,0.00589,0.79444,1.00000,0.87847,0.0007002
392,0.71838,0.69051,0.02350,0.00437,0.79444,1.00000,0.87847,0.0006987
393,0.76093,0.72788,0.02444,0.00861,0.79444,1.00000,0.87847,0.0006973
394,0.72151,0.68168,0.03357,0.00626,0.79444,1.00000,0.87847,0.0006959
395,0.69338,0.66241,0.02676,0.00420,0.79444,1.00000,0.87847,0.0006944
396,0.76027,0.68951,0.06570,0.00506,0.79444,1.00000,0.87847,0.0006930
397,0.89840,0.85674,0.03593,0.00572,0.79444,1.00000,0.87847,0.0006916
398,0.84121,0.79716,0.03744,0.00661,0.79444,1.00000,0.87847,0.0006901
399,0.77389,0.73513,0.03285,0.00590,0.79444,1.00000,0.87847,0.0006887
400,0.76723,0.72989,0.03099,0.00635,0.81875,1.00000,0.89306,0.0006872
401,0.73582,0.69814,0.03187,0.00582,0.81875,1.00000,0.89306,0.0006858
402,0.77812,0.74259,0.02968,0.00586,0.81875,1.00000,0.89306,0.0006843
403,0.77182,0.73397,0.03259,0.00525,0.81875,1.00000,0.89306,0.0006829
404,0.77233,0.73567,0.03084,0.00583,0.81875,1.00000,0.89306,0.0006814
405,0.69882,0.66399,0.03015,0.00468,0.81875,1.00000,0.89306,0.0006800
406,0.71919,0.68408,0.03032,0.00479,0.81875,1.00000,0.89306,0.0006785
407,0.73667,0.70556,0.02683,0.00429,0.81875,1.00000,0.89306,0.0006771
408,0.76125,0.72514,0.02921,0.00689,0.81875,1.00000,0.89306,0.0006756
409,0.76304,0.73146,0.02695,0.00463,0.81875,1.00000,0.89306,0.0006741
410,0.73557,0.70727,0.02406,0.00424,0.84097,1.00000,0.90613,0.0006727
411,0.73078,0.69936,0.02733,0.00409,0.84097,1.00000,0.90613,0.0006712
412,0.65777,0.62693,0.02470,0.00613,0.84097,1.00000,0.90613,0.0006697
413,0.71405,0.68293,0.02428,0.00684,0.84097,1.00000,0.90613,0.0006683
414,0.68634,0.65157,0.02397,0.01080,0.84097,1.00000,0.90613,0.0006668
415,0.70478,0.67625,0.02318,0.00536,0.84097,1.00000,0.90613,0.0006653
416,0.67765,0.64898,0.02467,0.00400,0.84097,1.00000,0.90613,0.0006639
417,0.76718,0.73638,0.02610,0.00470,0.84097,1.00000,0.90613,0.0006624
418,0.74099,0.71356,0.02358,0.00385,0.84097,1.00000,0.90613,0.0006609
419,0.75947,0.73084,0.02498,0.00365,0.84097,1.00000,0.90613,0.0006594
420,0.71343,0.67895,0.02935,0.00513,0.81667,1.00000,0.89154,0.0006580
421,0.65602,0.62756,0.02447,0.00398,0.81667,1.00000,0.89154,0.0006565
422,0.73105,0.69750,0.03003,0.00352,0.81667,1.00000,0.89154,0.0006550
423,0.69848,0.66838,0.02602,0.00408,0.81667,1.00000,0.89154,0.0006535
424,0.71177,0.68027,0.02625,0.00525,0.81667,1.00000,0.89154,0.0006520
425,0.75054,0.72138,0.02429,0.00487,0.81667,1.00000,0.89154,0.0006505
426,0.71652,0.68247,0.02945,0.00460,0.81667,1.00000,0.89154,0.0006491
427,0.68585,0.65928,0.02301,0.00356,0.81667,1.00000,0.89154,0.0006476
428,0.68357,0.65443,0.02588,0.00326,0.81667,1.00000,0.89154,0.0006461
429,0.67471,0.64418,0.02573,0.00479,0.81667,1.00000,0.89154,0.0006446
430,0.70727,0.67871,0.02161,0.00695,0.73214,1.00000,0.82810,0.0006431
431,0.66080,0.63147,0.02499,0.00434,0.73214,1.00000,0.82810,0.0006416
432,0.68670,0.65912,0.02287,0.00470,0.73214,1.00000,0.82810,0.0006401
433,0.68031,0.63761,0.02649,0.01622,0.73214,1.00000,0.82810,0.0006386
434,0.72544,0.69376,0.02567,0.00600,0.73214,1.00000,0.82810,0.0006371
435,0.76631,0.73274,0.02541,0.00815,0.73214,1.00000,0.82810,0.0006356
436,0.68610,0.65870,0.02133,0.00608,0.73214,1.00000,0.82810,0.0006341
437,0.70351,0.67673,0.02227,0.00451,0.73214,1.00000,0.82810,0.0006326
438,0.70781,0.66950,0.03264,0.00568,0.73214,1.00000,0.82810,0.0006311
439,0.68255,0.65607,0.02226,0.00422,0.73214,1.00000,0.82810,0.0006296
440,0.68915,0.65839,0.02318,0.00758,0.79444,1.00000,0.87847,0.0006281
441,0.68938,0.65922,0.02438,0.00578,0.79444,1.00000,0.87847,0.0006266
442,0.66870,0.63881,0.02527,0.00462,0.79444,1.00000,0.87847,0.0006251
443,0.67853,0.64766,0.02510,0.00577,0.79444,1.00000,0.87847,0.0006236
444,0.66180,0.63299,0.02379,0.00502,0.79444,1.00000,0.87847,0.0006221
445,0.66910,0.63776,0.02355,0.00779,0.79444,1.00000,0.87847,0.0006206
446,0.67782,0.64830,0.02345,0.00607,0.79444,1.00000,0.87847,0.0006190
447,0.67289,0.64747,0.02131,0.00411,0.79444,1.00000,0.87847,0.0006175
448,0.65554,0.62985,0.02239,0.00330,0.79444,1.00000,0.87847,0.0006160
449,0.68544,0.64917,0.02978,0.00648,0.79444,1.00000,0.87847,0.0006145
450,0.73491,0.70556,0.02395,0.00540,0.70337,1.00000,0.81806,0.0006130
451,0.64858,0.62107,0.02388,0.00364,0.70337,1.00000,0.81806,0.0006115
452,0.67897,0.65444,0.02155,0.00298,0.70337,1.00000,0.81806,0.0006099
453,0.67179,0.64250,0.02507,0.00422,0.70337,1.00000,0.81806,0.0006084
454,0.64990,0.62480,0.02186,0.00323,0.70337,1.00000,0.81806,0.0006069
455,0.66674,0.63931,0.02264,0.00479,0.70337,1.00000,0.81806,0.0006054
456,0.73042,0.70353,0.02180,0.00508,0.70337,1.00000,0.81806,0.0006039
457,0.67989,0.65359,0.02251,0.00380,0.70337,1.00000,0.81806,0.0006023
458,0.74215,0.69622,0.04147,0.00446,0.70337,1.00000,0.81806,0.0006008
459,0.69370,0.66408,0.02522,0.00440,0.70337,1.00000,0.81806,0.0005993
460,0.67552,0.64336,0.02514,0.00702,0.72034,1.00000,0.82431,0.0005978
461,0.65707,0.62561,0.02634,0.00512,0.72034,1.00000,0.82431,0.0005962
462,0.61615,0.58834,0.02259,0.00522,0.72034,1.00000,0.82431,0.0005947
463,0.62354,0.59404,0.02418,0.00532,0.72034,1.00000,0.82431,0.0005932
464,0.67906,0.65010,0.02551,0.00344,0.72034,1.00000,0.82431,0.0005916
465,0.65798,0.63274,0.02163,0.00362,0.72034,1.00000,0.82431,0.0005901
466,0.67099,0.64528,0.02203,0.00368,0.72034,1.00000,0.82431,0.0005886
467,0.64030,0.61181,0.02491,0.00358,0.72034,1.00000,0.82431,0.0005870
468,0.64742,0.61163,0.03172,0.00408,0.72034,1.00000,0.82431,0.0005855
469,0.66011,0.63033,0.02287,0.00691,0.72034,1.00000,0.82431,0.0005840
470,0.63835,0.61183,0.02134,0.00518,0.75437,1.00000,0.84118,0.0005824
471,0.63804,0.60961,0.02310,0.00532,0.75437,1.00000,0.84118,0.0005809
472,0.63298,0.60074,0.02047,0.01177,0.75437,1.00000,0.84118,0.0005794
473,0.61799,0.59045,0.02164,0.00590,0.75437,1.00000,0.84118,0.0005778
474,0.62770,0.60121,0.02129,0.00520,0.75437,1.00000,0.84118,0.0005763
475,0.60542,0.58115,0.02029,0.00399,0.75437,1.00000,0.84118,0.0005747
476,0.65131,0.62693,0.02151,0.00286,0.75437,1.00000,0.84118,0.0005732
477,0.66119,0.63560,0.02200,0.00358,0.75437,1.00000,0.84118,0.0005717
478,0.65722,0.63094,0.02200,0.00428,0.75437,1.00000,0.84118,0.0005701
479,0.61714,0.59324,0.01951,0.00439,0.75437,1.00000,0.84118,0.0005686
480,0.64112,0.61595,0.01993,0.00524,0.82292,1.00000,0.90166,0.0005670
481,0.60668,0.57989,0.02226,0.00453,0.82292,1.00000,0.90166,0.0005655
482,0.57992,0.55548,0.02075,0.00369,0.82292,1.00000,0.90166,0.0005640
483,0.58092,0.55790,0.01906,0.00397,0.82292,1.00000,0.90166,0.0005624
484,0.60371,0.57901,0.01996,0.00473,0.82292,1.00000,0.90166,0.0005609
485,0.60666,0.57904,0.02416,0.00346,0.82292,1.00000,0.90166,0.0005593
486,0.60788,0.58264,0.02229,0.00295,0.82292,1.00000,0.90166,0.0005578
487,0.57999,0.55614,0.02055,0.00330,0.82292,1.00000,0.90166,0.0005562
488,0.62890,0.60474,0.01963,0.00453,0.82292,1.00000,0.90166,0.0005547
489,0.64327,0.61795,0.01963,0.00568,0.82292,1.00000,0.90166,0.0005531
490,0.62332,0.59922,0.02027,0.00384,0.82500,1.00000,0.89338,0.0005516
491,0.63046,0.60563,0.02134,0.00348,0.82500,1.00000,0.89338,0.0005500
492,0.62606,0.60077,0.02157,0.00372,0.82500,1.00000,0.89338,0.0005485
493,0.61684,0.59262,0.02058,0.00364,0.82500,1.00000,0.89338,0.0005469
494,0.60937,0.58546,0.02038,0.00353,0.82500,1.00000,0.89338,0.0005454
495,0.67482,0.64745,0.02099,0.00639,0.82500,1.00000,0.89338,0.0005438
496,0.67449,0.64900,0.02093,0.00456,0.82500,1.00000,0.89338,0.0005423
497,0.64756,0.62319,0.02066,0.00371,0.82500,1.00000,0.89338,0.0005407
498,0.61246,0.58653,0.02158,0.00435,0.82500,1.00000,0.89338,0.0005392
499,0.65238,0.62718,0.02146,0.00374,0.82500,1.00000,0.89338,0.0005376
500,0.60965,0.58873,0.01871,0.00221,0.79722,1.00000,0.87868,0.0005361
501,0.63619,0.61239,0.02073,0.00307,0.79722,1.00000,0.87868,0.0005345
502,0.65896,0.63306,0.02231,0.00359,0.79722,1.00000,0.87868,0.0005330
503,0.64778,0.62331,0.01907,0.00540,0.79722,1.00000,0.87868,0.0005314
504,0.61762,0.59504,0.01929,0.00329,0.79722,1.00000,0.87868,0.0005299
505,0.61417,0.58247,0.02490,0.00680,0.79722,1.00000,0.87868,0.0005283
506,0.58056,0.55705,0.02035,0.00316,0.79722,1.00000,0.87868,0.0005268
507,0.58533,0.55962,0.02142,0.00429,0.79722,1.00000,0.87868,0.0005252
508,0.67870,0.64882,0.02484,0.00505,0.79722,1.00000,0.87868,0.0005237
509,0.71339,0.68624,0.02234,0.00480,0.79722,1.00000,0.87868,0.0005221
510,0.70725,0.68307,0.02052,0.00365,0.81376,1.00000,0.89356,0.0005205
511,0.66016,0.63352,0.02127,0.00537,0.81376,1.00000,0.89356,0.0005190
512,0.64430,0.61151,0.02185,0.01094,0.81376,1.00000,0.89356,0.0005174
513,0.60595,0.57968,0.02211,0.00416,0.81376,1.00000,0.89356,0.0005159
514,0.58359,0.55678,0.02060,0.00620,0.81376,1.00000,0.89356,0.0005143
515,0.56803,0.54414,0.01975,0.00413,0.81376,1.00000,0.89356,0.0005128
516,0.61299,0.58111,0.02819,0.00369,0.81376,1.00000,0.89356,0.0005112
517,0.59929,0.57361,0.02299,0.00268,0.81376,1.00000,0.89356,0.0005097
518,0.57623,0.55203,0.02031,0.00388,0.81376,1.00000,0.89356,0.0005081
519,0.64144,0.61621,0.02111,0.00412,0.81376,1.00000,0.89356,0.0005066
520,0.61560,0.59255,0.02001,0.00304,0.79444,1.00000,0.87847,0.0005050
521,0.59391,0.57225,0.01811,0.00356,0.79444,1.00000,0.87847,0.0005034
522,0.56525,0.53645,0.02426,0.00453,0.79444,1.00000,0.87847,0.0005019
523,0.60843,0.58618,0.01953,0.00272,0.79444,1.00000,0.87847,0.0005003
524,0.58436,0.55580,0.02530,0.00326,0.79444,1.00000,0.87847,0.0004988
525,0.60972,0.58128,0.02515,0.00329,0.79444,1.00000,0.87847,0.0004972
526,0.59971,0.57675,0.01950,0.00346,0.79444,1.00000,0.87847,0.0004957
527,0.61338,0.58784,0.02154,0.00400,0.79444,1.00000,0.87847,0.0004941
528,0.63288,0.60925,0.02014,0.00348,0.79444,1.00000,0.87847,0.0004926
529,0.61114,0.58404,0.02417,0.00294,0.79444,1.00000,0.87847,0.0004910
530,0.57814,0.55372,0.02115,0.00326,0.77500,1.00000,0.86560,0.0004895
531,0.57688,0.55256,0.02160,0.00271,0.77500,1.00000,0.86560,0.0004879
532,0.63981,0.61323,0.02363,0.00295,0.77500,1.00000,0.86560,0.0004863
533,0.63124,0.60901,0.01953,0.00270,0.77500,1.00000,0.86560,0.0004848
534,0.59042,0.56465,0.02157,0.00421,0.77500,1.00000,0.86560,0.0004832
535,0.57394,0.55181,0.01860,0.00353,0.77500,1.00000,0.86560,0.0004817
536,0.58308,0.56273,0.01819,0.00217,0.77500,1.00000,0.86560,0.0004801
537,0.57020,0.54383,0.01964,0.00673,0.77500,1.00000,0.86560,0.0004786
538,0.50318,0.48104,0.01943,0.00272,0.77500,1.00000,0.86560,0.0004770
539,0.52104,0.49925,0.01866,0.00312,0.77500,1.00000,0.86560,0.0004755
540,0.59505,0.56355,0.02159,0.00991,0.83472,1.00000,0.90546,0.0004739
541,0.54397,0.52196,0.01965,0.00235,0.83472,1.00000,0.90546,0.0004724
542,0.55215,0.53140,0.01810,0.00265,0.83472,1.00000,0.90546,0.0004708
543,0.56077,0.53916,0.01872,0.00289,0.83472,1.00000,0.90546,0.0004693
544,0.53969,0.51856,0.01845,0.00269,0.83472,1.00000,0.90546,0.0004677
545,0.57665,0.55456,0.01938,0.00271,0.83472,1.00000,0.90546,0.0004662
546,0.63511,0.61197,0.02025,0.00289,0.83472,1.00000,0.90546,0.0004646
547,0.56598,0.54512,0.01845,0.00241,0.83472,1.00000,0.90546,0.0004631
548,0.54260,0.52348,0.01657,0.00255,0.83472,1.00000,0.90546,0.0004615
549,0.53604,0.51397,0.01931,0.00276,0.83472,1.00000,0.90546,0.0004600
550,0.52924,0.50795,0.01775,0.00354,0.78131,1.00000,0.86724,0.0004584
551,0.52711,0.50803,0.01577,0.00331,0.78131,1.00000,0.86724,0.0004569
552,0.53489,0.51234,0.01916,0.00338,0.78131,1.00000,0.86724,0.0004553
553,0.55075,0.52987,0.01780,0.00307,0.78131,1.00000,0.86724,0.0004538
554,0.53661,0.51691,0.01684,0.00286,0.78131,1.00000,0.86724,0.0004522
555,0.51985,0.49887,0.01801,0.00297,0.78131,1.00000,0.86724,0.0004507
556,0.47501,0.45320,0.01895,0.00285,0.78131,1.00000,0.86724,0.0004491
557,0.53716,0.51447,0.01934,0.00336,0.78131,1.00000,0.86724,0.0004476
558,0.48597,0.46662,0.01666,0.00268,0.78131,1.00000,0.86724,0.0004460
559,0.50161,0.47763,0.02153,0.00244,0.78131,1.00000,0.86724,0.0004445
560,0.49367,0.47406,0.01749,0.00212,0.79444,1.00000,0.87847,0.0004430
561,0.49806,0.47373,0.02187,0.00246,0.79444,1.00000,0.87847,0.0004414
562,0.49628,0.47616,0.01786,0.00227,0.79444,1.00000,0.87847,0.0004399
563,0.49868,0.47772,0.01887,0.00210,0.79444,1.00000,0.87847,0.0004383
564,0.51813,0.49691,0.01905,0.00217,0.79444,1.00000,0.87847,0.0004368
565,0.47888,0.45970,0.01697,0.00221,0.79444,1.00000,0.87847,0.0004353
566,0.51842,0.49643,0.01964,0.00236,0.79444,1.00000,0.87847,0.0004337
567,0.50945,0.49001,0.01713,0.00231,0.79444,1.00000,0.87847,0.0004322
568,0.56500,0.54142,0.02120,0.00238,0.79444,1.00000,0.87847,0.0004306
569,0.53437,0.51203,0.01958,0.00276,0.79444,1.00000,0.87847,0.0004291
570,0.56568,0.54316,0.01906,0.00347,0.79444,1.00000,0.87847,0.0004276
571,0.51372,0.49302,0.01651,0.00420,0.79444,1.00000,0.87847,0.0004260
572,0.48859,0.46850,0.01598,0.00410,0.79444,1.00000,0.87847,0.0004245
573,0.50942,0.48680,0.01835,0.00427,0.79444,1.00000,0.87847,0.0004230
574,0.51544,0.49428,0.01809,0.00307,0.79444,1.00000,0.87847,0.0004214
575,0.49099,0.47010,0.01778,0.00311,0.79444,1.00000,0.87847,0.0004199
576,0.53876,0.51659,0.01900,0.00317,0.79444,1.00000,0.87847,0.0004184
577,0.57903,0.55643,0.01882,0.00379,0.79444,1.00000,0.87847,0.0004168
578,0.50682,0.48492,0.01843,0.00347,0.79444,1.00000,0.87847,0.0004153
579,0.57518,0.55419,0.01843,0.00256,0.79444,1.00000,0.87847,0.0004138
580,0.56673,0.54240,0.01816,0.00616,0.85417,1.00000,0.91833,0.0004122
581,0.57017,0.54741,0.01884,0.00392,0.85417,1.00000,0.91833,0.0004107
582,0.53372,0.51154,0.01899,0.00319,0.85417,1.00000,0.91833,0.0004092
583,0.53641,0.51665,0.01645,0.00332,0.85417,1.00000,0.91833,0.0004077
584,0.55929,0.53862,0.01717,0.00350,0.85417,1.00000,0.91833,0.0004061
585,0.58611,0.56034,0.02298,0.00279,0.85417,1.00000,0.91833,0.0004046
586,0.50191,0.47986,0.01745,0.00460,0.85417,1.00000,0.91833,0.0004031
587,0.53454,0.51375,0.01763,0.00316,0.85417,1.00000,0.91833,0.0004016
588,0.50821,0.48587,0.01965,0.00269,0.85417,1.00000,0.91833,0.0004001
589,0.51182,0.48997,0.01948,0.00238,0.85417,1.00000,0.91833,0.0003985
590,0.49974,0.47981,0.01747,0.00247,0.83472,1.00000,0.90546,0.0003970
591,0.49168,0.47373,0.01535,0.00259,0.83472,1.00000,0.90546,0.0003955
592,0.44554,0.42653,0.01643,0.00258,0.83472,1.00000,0.90546,0.0003940
593,0.50780,0.48313,0.01716,0.00751,0.83472,1.00000,0.90546,0.0003925
594,0.47596,0.45540,0.01749,0.00307,0.83472,1.00000,0.90546,0.0003910
595,0.49161,0.46879,0.01856,0.00425,0.83472,1.00000,0.90546,0.0003894
596,0.52211,0.50250,0.01735,0.00227,0.83472,1.00000,0.90546,0.0003879
597,0.45901,0.43702,0.01998,0.00200,0.83472,1.00000,0.90546,0.0003864
598,0.44061,0.42193,0.01672,0.00196,0.83472,1.00000,0.90546,0.0003849
599,0.50972,0.49022,0.01633,0.00316,0.83472,1.00000,0.90546,0.0003834
600,0.48862,0.46746,0.01795,0.00321,0.91667,1.00000,0.95404,0.0003819
601,0.51815,0.49168,0.02388,0.00258,0.91667,1.00000,0.95404,0.0003804
602,0.48694,0.46728,0.01760,0.00206,0.91667,1.00000,0.95404,0.0003789
603,0.52692,0.50465,0.01955,0.00271,0.91667,1.00000,0.95404,0.0003774
604,0.48447,0.46306,0.01917,0.00223,0.91667,1.00000,0.95404,0.0003759
605,0.49014,0.47227,0.01559,0.00228,0.91667,1.00000,0.95404,0.0003744
606,0.46416,0.44412,0.01781,0.00223,0.91667,1.00000,0.95404,0.0003729
607,0.49887,0.47745,0.01842,0.00300,0.91667,1.00000,0.95404,0.0003714
608,0.49596,0.47025,0.02247,0.00324,0.91667,1.00000,0.95404,0.0003699
609,0.48030,0.46017,0.01766,0.00246,0.91667,1.00000,0.95404,0.0003684
610,0.46235,0.44091,0.01912,0.00232,0.79722,1.00000,0.87868,0.0003669
611,0.46141,0.43470,0.02448,0.00223,0.79722,1.00000,0.87868,0.0003654
612,0.42751,0.40771,0.01761,0.00219,0.79722,1.00000,0.87868,0.0003639
613,0.49927,0.47847,0.01835,0.00245,0.79722,1.00000,0.87868,0.0003624
614,0.48740,0.46408,0.02065,0.00267,0.79722,1.00000,0.87868,0.0003609
615,0.49039,0.47089,0.01764,0.00186,0.79722,1.00000,0.87868,0.0003595
616,0.49158,0.47279,0.01648,0.00231,0.79722,1.00000,0.87868,0.0003580
617,0.44825,0.42936,0.01660,0.00230,0.79722,1.00000,0.87868,0.0003565
618,0.50402,0.48406,0.01726,0.00270,0.79722,1.00000,0.87868,0.0003550
619,0.48668,0.46706,0.01719,0.00242,0.79722,1.00000,0.87868,0.0003535
620,0.47311,0.45171,0.01867,0.00273,0.87847,1.00000,0.93291,0.0003520
621,0.48361,0.46451,0.01632,0.00278,0.87847,1.00000,0.93291,0.0003506
622,0.49831,0.48100,0.01483,0.00248,0.87847,1.00000,0.93291,0.0003491
623,0.52547,0.50512,0.01727,0.00308,0.87847,1.00000,0.93291,0.0003476
624,0.56556,0.49833,0.06250,0.00473,0.87847,1.00000,0.93291,0.0003461
625,0.53010,0.49929,0.02778,0.00303,0.87847,1.00000,0.93291,0.0003447
626,0.54918,0.51640,0.02940,0.00338,0.87847,1.00000,0.93291,0.0003432
627,0.50649,0.47416,0.02917,0.00315,0.87847,1.00000,0.93291,0.0003417
628,0.47532,0.44372,0.02824,0.00337,0.87847,1.00000,0.93291,0.0003403
629,0.48972,0.46265,0.02308,0.00398,0.87847,1.00000,0.93291,0.0003388
630,0.50496,0.47913,0.02321,0.00261,0.83472,1.00000,0.90546,0.0003373
631,0.51960,0.49208,0.02267,0.00485,0.83472,1.00000,0.90546,0.0003359
632,0.49088,0.45987,0.02771,0.00330,0.83472,1.00000,0.90546,0.0003344
633,0.49722,0.47127,0.02201,0.00393,0.83472,1.00000,0.90546,0.0003329
634,0.47603,0.44714,0.02566,0.00323,0.83472,1.00000,0.90546,0.0003315
635,0.50912,0.48428,0.02258,0.00226,0.83472,1.00000,0.90546,0.0003300
636,0.49273,0.46938,0.02091,0.00244,0.83472,1.00000,0.90546,0.0003286
637,0.49097,0.46747,0.02023,0.00327,0.83472,1.00000,0.90546,0.0003271
638,0.44145,0.41862,0.02049,0.00234,0.83472,1.00000,0.90546,0.0003257
639,0.42255,0.40169,0.01901,0.00184,0.83472,1.00000,0.90546,0.0003242
640,0.44773,0.42433,0.02126,0.00214,0.79167,1.00000,0.87071,0.0003228
641,0.46257,0.44204,0.01861,0.00192,0.79167,1.00000,0.87071,0.0003213
642,0.43885,0.41555,0.02146,0.00185,0.79167,1.00000,0.87071,0.0003199
643,0.46266,0.44196,0.01823,0.00247,0.79167,1.00000,0.87071,0.0003184
644,0.44415,0.42214,0.01960,0.00241,0.79167,1.00000,0.87071,0.0003170
645,0.46096,0.43969,0.01924,0.00203,0.79167,1.00000,0.87071,0.0003156
646,0.45682,0.43532,0.01950,0.00199,0.79167,1.00000,0.87071,0.0003141
647,0.43265,0.41279,0.01690,0.00296,0.79167,1.00000,0.87071,0.0003127
648,0.46348,0.44332,0.01815,0.00200,0.79167,1.00000,0.87071,0.0003113
649,0.44682,0.42490,0.01960,0.00232,0.79167,1.00000,0.87071,0.0003098
650,0.43007,0.41097,0.01714,0.00196,0.85417,1.00000,0.91833,0.0003084
651,0.44689,0.42361,0.02090,0.00237,0.85417,1.00000,0.91833,0.0003070
652,0.41940,0.40052,0.01686,0.00201,0.85417,1.00000,0.91833,0.0003056
653,0.40687,0.38764,0.01738,0.00184,0.85417,1.00000,0.91833,0.0003041
654,0.41471,0.39552,0.01690,0.00230,0.85417,1.00000,0.91833,0.0003027
655,0.43408,0.41078,0.02140,0.00190,0.85417,1.00000,0.91833,0.0003013
656,0.40242,0.38323,0.01759,0.00160,0.85417,1.00000,0.91833,0.0002999
657,0.39463,0.37487,0.01825,0.00151,0.85417,1.00000,0.91833,0.0002985
658,0.42472,0.40573,0.01755,0.00144,0.85417,1.00000,0.91833,0.0002971
659,0.42979,0.41081,0.01631,0.00267,0.85417,1.00000,0.91833,0.0002956
660,0.42044,0.40147,0.01709,0.00188,0.85417,1.00000,0.91833,0.0002942
661,0.40683,0.38871,0.01578,0.00235,0.85417,1.00000,0.91833,0.0002928
662,0.44533,0.42787,0.01567,0.00179,0.85417,1.00000,0.91833,0.0002914
663,0.41860,0.39922,0.01737,0.00200,0.85417,1.00000,0.91833,0.0002900
664,0.43684,0.41518,0.01962,0.00204,0.85417,1.00000,0.91833,0.0002886
665,0.44709,0.42636,0.01837,0.00236,0.85417,1.00000,0.91833,0.0002872
666,0.43501,0.41191,0.01973,0.00337,0.85417,1.00000,0.91833,0.0002858
667,0.42280,0.40536,0.01566,0.00178,0.85417,1.00000,0.91833,0.0002844
668,0.44075,0.41778,0.02063,0.00234,0.85417,1.00000,0.91833,0.0002831
669,0.46089,0.44122,0.01692,0.00274,0.85417,1.00000,0.91833,0.0002817
670,0.44804,0.42894,0.01627,0.00283,0.84097,1.00000,0.90613,0.0002803
671,0.42540,0.40400,0.01849,0.00290,0.84097,1.00000,0.90613,0.0002789
672,0.45718,0.43716,0.01751,0.00252,0.84097,1.00000,0.90613,0.0002775
673,0.40107,0.38272,0.01547,0.00289,0.84097,1.00000,0.90613,0.0002761
674,0.39765,0.37722,0.01769,0.00275,0.84097,1.00000,0.90613,0.0002748
675,0.39979,0.38193,0.01578,0.00208,0.84097,1.00000,0.90613,0.0002734
676,0.39095,0.37306,0.01592,0.00198,0.84097,1.00000,0.90613,0.0002720
677,0.42475,0.40438,0.01840,0.00198,0.84097,1.00000,0.90613,0.0002706
678,0.38889,0.37075,0.01603,0.00211,0.84097,1.00000,0.90613,0.0002693
679,0.42345,0.40432,0.01704,0.00209,0.84097,1.00000,0.90613,0.0002679
680,0.40313,0.38650,0.01495,0.00169,0.90625,1.00000,0.94762,0.0002665
681,0.43814,0.42120,0.01487,0.00207,0.90625,1.00000,0.94762,0.0002652
682,0.44181,0.41264,0.02592,0.00325,0.90625,1.00000,0.94762,0.0002638
683,0.42684,0.40796,0.01713,0.00175,0.90625,1.00000,0.94762,0.0002625
684,0.38611,0.36672,0.01751,0.00189,0.90625,1.00000,0.94762,0.0002611
685,0.41388,0.39047,0.02076,0.00265,0.90625,1.00000,0.94762,0.0002597
686,0.39461,0.37818,0.01465,0.00179,0.90625,1.00000,0.94762,0.0002584
687,0.39788,0.38117,0.01500,0.00170,0.90625,1.00000,0.94762,0.0002571
688,0.36679,0.35117,0.01392,0.00170,0.90625,1.00000,0.94762,0.0002557
689,0.38235,0.36521,0.01533,0.00181,0.90625,1.00000,0.94762,0.0002544
690,0.39325,0.37496,0.01642,0.00187,0.77500,1.00000,0.86560,0.0002530
691,0.39710,0.38134,0.01428,0.00147,0.77500,1.00000,0.86560,0.0002517
692,0.37126,0.35319,0.01649,0.00158,0.77500,1.00000,0.86560,0.0002504
693,0.43172,0.41319,0.01697,0.00155,0.77500,1.00000,0.86560,0.0002490
694,0.37952,0.36401,0.01389,0.00162,0.77500,1.00000,0.86560,0.0002477
695,0.39030,0.37251,0.01619,0.00160,0.77500,1.00000,0.86560,0.0002464
696,0.36283,0.34708,0.01413,0.00162,0.77500,1.00000,0.86560,0.0002450
697,0.37388,0.35781,0.01442,0.00166,0.77500,1.00000,0.86560,0.0002437
698,0.40672,0.38753,0.01730,0.00189,0.77500,1.00000,0.86560,0.0002424
699,0.38088,0.36562,0.01376,0.00150,0.77500,1.00000,0.86560,0.0002411
700,0.37275,0.35635,0.01466,0.00175,0.83472,1.00000,0.90546,0.0002398
701,0.38211,0.36249,0.01815,0.00147,0.83472,1.00000,0.90546,0.0002385
702,0.37426,0.35797,0.01465,0.00163,0.83472,1.00000,0.90546,0.0002371
703,0.39202,0.37160,0.01901,0.00140,0.83472,1.00000,0.90546,0.0002358
704,0.38191,0.36526,0.01517,0.00148,0.83472,1.00000,0.90546,0.0002345
705,0.36939,0.35132,0.01645,0.00163,0.83472,1.00000,0.90546,0.0002332
706,0.38689,0.37106,0.01402,0.00181,0.83472,1.00000,0.90546,0.0002319
707,0.35240,0.33607,0.01453,0.00180,0.83472,1.00000,0.90546,0.0002306
708,0.35113,0.33403,0.01570,0.00140,0.83472,1.00000,0.90546,0.0002293
709,0.36378,0.34465,0.01699,0.00214,0.83472,1.00000,0.90546,0.0002281
710,0.37005,0.35483,0.01330,0.00191,0.83472,1.00000,0.90546,0.0002268
711,0.34082,0.32458,0.01482,0.00142,0.83472,1.00000,0.90546,0.0002255
712,0.36601,0.34864,0.01367,0.00371,0.83472,1.00000,0.90546,0.0002242
713,0.34374,0.32803,0.01393,0.00179,0.83472,1.00000,0.90546,0.0002229
714,0.35898,0.33809,0.01836,0.00253,0.83472,1.00000,0.90546,0.0002216
715,0.34679,0.33205,0.01300,0.00174,0.83472,1.00000,0.90546,0.0002204
716,0.35642,0.34283,0.01197,0.00162,0.83472,1.00000,0.90546,0.0002191
717,0.48823,0.36289,0.12081,0.00454,0.83472,1.00000,0.90546,0.0002178
718,0.37966,0.35908,0.01862,0.00197,0.83472,1.00000,0.90546,0.0002166
719,0.37242,0.34990,0.01998,0.00254,0.83472,1.00000,0.90546,0.0002153
720,0.37454,0.35492,0.01795,0.00167,0.85417,1.00000,0.91833,0.0002140
721,0.37017,0.35049,0.01777,0.00191,0.85417,1.00000,0.91833,0.0002128
722,0.38273,0.36167,0.01715,0.00390,0.85417,1.00000,0.91833,0.0002115
723,0.38616,0.36587,0.01852,0.00177,0.85417,1.00000,0.91833,0.0002103
724,0.37118,0.35048,0.01903,0.00167,0.85417,1.00000,0.91833,0.0002090
725,0.35667,0.33705,0.01828,0.00134,0.85417,1.00000,0.91833,0.0002078
726,0.35769,0.34003,0.01628,0.00139,0.85417,1.00000,0.91833,0.0002065
727,0.35461,0.33683,0.01624,0.00155,0.85417,1.00000,0.91833,0.0002053
728,0.35362,0.33418,0.01802,0.00142,0.85417,1.00000,0.91833,0.0002041
729,0.34794,0.32884,0.01789,0.00121,0.85417,1.00000,0.91833,0.0002028
730,0.33305,0.31607,0.01550,0.00148,0.87847,1.00000,0.93291,0.0002016
731,0.37711,0.35930,0.01575,0.00206,0.87847,1.00000,0.93291,0.0002004
732,0.35946,0.34112,0.01654,0.00180,0.87847,1.00000,0.93291,0.0001992
733,0.38566,0.36886,0.01542,0.00137,0.87847,1.00000,0.93291,0.0001979
734,0.34484,0.32972,0.01352,0.00160,0.87847,1.00000,0.93291,0.0001967
735,0.38346,0.36514,0.01652,0.00180,0.87847,1.00000,0.93291,0.0001955
736,0.36903,0.35090,0.01631,0.00182,0.87847,1.00000,0.93291,0.0001943
737,0.36250,0.34642,0.01451,0.00157,0.87847,1.00000,0.93291,0.0001931
738,0.36682,0.35201,0.01349,0.00132,0.87847,1.00000,0.93291,0.0001919
739,0.35867,0.34195,0.01543,0.00129,0.87847,1.00000,0.93291,0.0001907
740,0.33079,0.31491,0.01449,0.00140,0.84444,1.00000,0.90625,0.0001895
741,0.32219,0.30520,0.01558,0.00142,0.84444,1.00000,0.90625,0.0001883
742,0.33944,0.32208,0.01603,0.00132,0.84444,1.00000,0.90625,0.0001871
743,0.35341,0.33583,0.01562,0.00196,0.84444,1.00000,0.90625,0.0001859
744,0.35262,0.33533,0.01617,0.00111,0.84444,1.00000,0.90625,0.0001847
745,0.36022,0.34283,0.01616,0.00124,0.84444,1.00000,0.90625,0.0001835
746,0.35280,0.33643,0.01461,0.00176,0.84444,1.00000,0.90625,0.0001823
747,0.36207,0.34560,0.01506,0.00142,0.84444,1.00000,0.90625,0.0001812
748,0.33585,0.32061,0.01377,0.00147,0.84444,1.00000,0.90625,0.0001800
749,0.34410,0.32925,0.01352,0.00133,0.84444,1.00000,0.90625,0.0001788
750,0.35013,0.33367,0.01534,0.00113,0.85417,1.00000,0.91833,0.0001777
751,0.34224,0.31991,0.02094,0.00139,0.85417,1.00000,0.91833,0.0001765
752,0.34409,0.32618,0.01621,0.00169,0.85417,1.00000,0.91833,0.0001753
753,0.31305,0.29425,0.01745,0.00135,0.85417,1.00000,0.91833,0.0001742
754,0.32699,0.31109,0.01471,0.00119,0.85417,1.00000,0.91833,0.0001730
755,0.33517,0.31891,0.01490,0.00136,0.85417,1.00000,0.91833,0.0001719
756,0.34295,0.32646,0.01515,0.00134,0.85417,1.00000,0.91833,0.0001707
757,0.29904,0.28392,0.01360,0.00152,0.85417,1.00000,0.91833,0.0001696
758,0.35114,0.33456,0.01458,0.00200,0.85417,1.00000,0.91833,0.0001684
759,0.30836,0.29401,0.01318,0.00118,0.85417,1.00000,0.91833,0.0001673
760,0.31520,0.30081,0.01295,0.00143,0.84444,1.00000,0.90625,0.0001661
761,0.30792,0.29406,0.01252,0.00134,0.84444,1.00000,0.90625,0.0001650
762,0.29960,0.28474,0.01350,0.00136,0.84444,1.00000,0.90625,0.0001639
763,0.34223,0.31815,0.02270,0.00138,0.84444,1.00000,0.90625,0.0001628
764,0.32287,0.30561,0.01618,0.00108,0.84444,1.00000,0.90625,0.0001616
765,0.33836,0.32017,0.01668,0.00151,0.84444,1.00000,0.90625,0.0001605
766,0.30577,0.28923,0.01536,0.00117,0.84444,1.00000,0.90625,0.0001594
767,0.34580,0.32700,0.01402,0.00478,0.84444,1.00000,0.90625,0.0001583
768,0.32545,0.30957,0.01462,0.00126,0.84444,1.00000,0.90625,0.0001572
769,0.29229,0.27640,0.01363,0.00226,0.84444,1.00000,0.90625,0.0001561
770,0.30965,0.29134,0.01623,0.00208,0.81319,1.00000,0.88958,0.0001550
771,0.34134,0.32217,0.01588,0.00329,0.81319,1.00000,0.88958,0.0001539
772,0.32090,0.30636,0.01332,0.00121,0.81319,1.00000,0.88958,0.0001528
773,0.31317,0.29862,0.01310,0.00145,0.81319,1.00000,0.88958,0.0001517
774,0.31713,0.29593,0.01978,0.00141,0.81319,1.00000,0.88958,0.0001506
775,0.30384,0.28660,0.01563,0.00161,0.81319,1.00000,0.88958,0.0001495
776,0.26210,0.24704,0.01379,0.00127,0.81319,1.00000,0.88958,0.0001484
777,0.31052,0.29724,0.01208,0.00120,0.81319,1.00000,0.88958,0.0001474
778,0.31953,0.30496,0.01328,0.00129,0.81319,1.00000,0.88958,0.0001463
779,0.30159,0.28609,0.01383,0.00167,0.81319,1.00000,0.88958,0.0001452
780,0.29496,0.28092,0.01283,0.00120,0.85417,1.00000,0.91833,0.0001442
781,0.33030,0.31445,0.01458,0.00128,0.85417,1.00000,0.91833,0.0001431
782,0.34958,0.33072,0.01751,0.00135,0.85417,1.00000,0.91833,0.0001420
783,0.31009,0.29544,0.01363,0.00101,0.85417,1.00000,0.91833,0.0001410
784,0.29124,0.27436,0.01569,0.00119,0.85417,1.00000,0.91833,0.0001399
785,0.31773,0.30187,0.01469,0.00117,0.85417,1.00000,0.91833,0.0001389
786,0.28449,0.26959,0.01378,0.00111,0.85417,1.00000,0.91833,0.0001378
787,0.27576,0.26148,0.01336,0.00092,0.85417,1.00000,0.91833,0.0001368
788,0.28525,0.26801,0.01353,0.00371,0.85417,1.00000,0.91833,0.0001358
789,0.31008,0.29058,0.01486,0.00464,0.85417,1.00000,0.91833,0.0001347
790,0.26617,0.25133,0.01305,0.00178,0.84375,1.00000,0.90000,0.0001337
791,0.30568,0.29091,0.01350,0.00127,0.84375,1.00000,0.90000,0.0001327
792,0.30954,0.29498,0.01349,0.00107,0.84375,1.00000,0.90000,0.0001316
793,0.27802,0.26239,0.01473,0.00090,0.84375,1.00000,0.90000,0.0001306
794,0.26215,0.24644,0.01465,0.00106,0.84375,1.00000,0.90000,0.0001296
795,0.26705,0.25201,0.01396,0.00107,0.84375,1.00000,0.90000,0.0001286
796,0.26610,0.25088,0.01425,0.00096,0.84375,1.00000,0.90000,0.0001276
797,0.31659,0.30162,0.01351,0.00146,0.84375,1.00000,0.90000,0.0001266
798,0.29353,0.27814,0.01438,0.00100,0.84375,1.00000,0.90000,0.0001256
799,0.29925,0.28334,0.01494,0.00097,0.84375,1.00000,0.90000,0.0001246
800,0.31189,0.29164,0.01929,0.00096,0.84097,1.00000,0.90613,0.0001236
801,0.28272,0.26802,0.01383,0.00087,0.84097,1.00000,0.90613,0.0001226
802,0.27402,0.25960,0.01354,0.00088,0.84097,1.00000,0.90613,0.0001216
803,0.28707,0.27280,0.01336,0.00092,0.84097,1.00000,0.90613,0.0001206
804,0.29910,0.28302,0.01511,0.00097,0.84097,1.00000,0.90613,0.0001197
805,0.30342,0.28994,0.01238,0.00110,0.84097,1.00000,0.90613,0.0001187
806,0.27578,0.26283,0.01201,0.00094,0.84097,1.00000,0.90613,0.0001177
807,0.28182,0.26809,0.01273,0.00100,0.84097,1.00000,0.90613,0.0001167
808,0.28725,0.26999,0.01554,0.00172,0.84097,1.00000,0.90613,0.0001158
809,0.29995,0.28697,0.01179,0.00119,0.84097,1.00000,0.90613,0.0001148
810,0.27305,0.25844,0.01365,0.00096,0.90625,1.00000,0.94762,0.0001139
811,0.28279,0.26881,0.01295,0.00103,0.90625,1.00000,0.94762,0.0001129
812,0.25699,0.24364,0.01242,0.00094,0.90625,1.00000,0.94762,0.0001120
813,0.30564,0.29209,0.01254,0.00101,0.90625,1.00000,0.94762,0.0001110
814,0.27060,0.25639,0.01330,0.00090,0.90625,1.00000,0.94762,0.0001101
815,0.28246,0.26767,0.01378,0.00101,0.90625,1.00000,0.94762,0.0001092
816,0.29364,0.27683,0.01558,0.00124,0.90625,1.00000,0.94762,0.0001082
817,0.27160,0.25766,0.01304,0.00090,0.90625,1.00000,0.94762,0.0001073
818,0.29164,0.27543,0.01534,0.00087,0.90625,1.00000,0.94762,0.0001064
819,0.26483,0.24967,0.01426,0.00090,0.90625,1.00000,0.94762,0.0001055
820,0.29220,0.27726,0.01371,0.00123,0.85417,1.00000,0.91833,0.0001045
821,0.24867,0.23573,0.01202,0.00092,0.85417,1.00000,0.91833,0.0001036
822,0.30744,0.28937,0.01698,0.00108,0.85417,1.00000,0.91833,0.0001027
823,0.25943,0.24633,0.01224,0.00085,0.85417,1.00000,0.91833,0.0001018
824,0.30178,0.28452,0.01632,0.00094,0.85417,1.00000,0.91833,0.0001009
825,0.27126,0.25609,0.01426,0.00091,0.85417,1.00000,0.91833,0.0001000
826,0.26537,0.24889,0.01539,0.00108,0.85417,1.00000,0.91833,0.0000991
827,0.25807,0.24500,0.01225,0.00083,0.85417,1.00000,0.91833,0.0000982
828,0.28021,0.26514,0.01397,0.00110,0.85417,1.00000,0.91833,0.0000974
829,0.27142,0.25525,0.01513,0.00105,0.85417,1.00000,0.91833,0.0000965
830,0.29745,0.27719,0.01927,0.00099,0.84097,1.00000,0.90613,0.0000956
831,0.26053,0.24332,0.01622,0.00099,0.84097,1.00000,0.90613,0.0000947
832,0.24133,0.22715,0.01332,0.00085,0.84097,1.00000,0.90613,0.0000939
833,0.28044,0.26213,0.01721,0.00110,0.84097,1.00000,0.90613,0.0000930
834,0.26597,0.25116,0.01339,0.00142,0.84097,1.00000,0.90613,0.0000921
835,0.25549,0.24085,0.01374,0.00090,0.84097,1.00000,0.90613,0.0000913
836,0.26255,0.24955,0.01196,0.00104,0.84097,1.00000,0.90613,0.0000904
837,0.27873,0.26491,0.01257,0.00124,0.84097,1.00000,0.90613,0.0000896
838,0.27937,0.26293,0.01553,0.00091,0.84097,1.00000,0.90613,0.0000887
839,0.27241,0.25803,0.01348,0.00091,0.84097,1.00000,0.90613,0.0000879
840,0.27149,0.25664,0.01359,0.00127,0.81667,1.00000,0.89154,0.0000871
841,0.23256,0.21736,0.01427,0.00093,0.81667,1.00000,0.89154,0.0000862
842,0.26618,0.25172,0.01356,0.00090,0.81667,1.00000,0.89154,0.0000854
843,0.27144,0.25434,0.01624,0.00086,0.81667,1.00000,0.89154,0.0000846
844,0.26279,0.24845,0.01354,0.00080,0.81667,1.00000,0.89154,0.0000838
845,0.24660,0.23324,0.01250,0.00086,0.81667,1.00000,0.89154,0.0000829
846,0.23766,0.22073,0.01620,0.00073,0.81667,1.00000,0.89154,0.0000821
847,0.25527,0.24151,0.01299,0.00077,0.81667,1.00000,0.89154,0.0000813
848,0.24273,0.22805,0.01384,0.00083,0.81667,1.00000,0.89154,0.0000805
849,0.24433,0.23058,0.01293,0.00082,0.81667,1.00000,0.89154,0.0000797
850,0.26727,0.25437,0.01215,0.00076,0.88194,1.00000,0.93304,0.0000789
851,0.26376,0.25021,0.01280,0.00075,0.88194,1.00000,0.93304,0.0000781
852,0.24604,0.23248,0.01267,0.00089,0.88194,1.00000,0.93304,0.0000774
853,0.23610,0.21719,0.01809,0.00082,0.88194,1.00000,0.93304,0.0000766
854,0.24592,0.23291,0.01231,0.00070,0.88194,1.00000,0.93304,0.0000758
855,0.26591,0.24986,0.01439,0.00166,0.88194,1.00000,0.93304,0.0000750
856,0.22417,0.20755,0.01588,0.00073,0.88194,1.00000,0.93304,0.0000743
857,0.22121,0.20763,0.01275,0.00083,0.88194,1.00000,0.93304,0.0000735
858,0.25597,0.24223,0.01302,0.00073,0.88194,1.00000,0.93304,0.0000727
859,0.27208,0.25663,0.01427,0.00118,0.88194,1.00000,0.93304,0.0000720
860,0.24632,0.23246,0.01307,0.00080,0.88194,1.00000,0.93304,0.0000712
861,0.23524,0.22278,0.01172,0.00074,0.88194,1.00000,0.93304,0.0000705
862,0.23428,0.22110,0.01244,0.00074,0.88194,1.00000,0.93304,0.0000697
863,0.24620,0.23329,0.01194,0.00098,0.88194,1.00000,0.93304,0.0000690
864,0.23250,0.21736,0.01439,0.00075,0.88194,1.00000,0.93304,0.0000683
865,0.24140,0.22696,0.01241,0.00203,0.88194,1.00000,0.93304,0.0000675
866,0.23769,0.22502,0.01194,0.00073,0.88194,1.00000,0.93304,0.0000668
867,0.23474,0.21999,0.01397,0.00078,0.88194,1.00000,0.93304,0.0000661
868,0.24739,0.23447,0.01220,0.00073,0.88194,1.00000,0.93304,0.0000654
869,0.23422,0.21634,0.01152,0.00637,0.88194,1.00000,0.93304,0.0000647
870,0.23354,0.22015,0.01251,0.00087,0.88194,1.00000,0.93304,0.0000640
871,0.26974,0.25573,0.01326,0.00075,0.88194,1.00000,0.93304,0.0000632
872,0.22044,0.20874,0.01102,0.00068,0.88194,1.00000,0.93304,0.0000625
873,0.25792,0.24327,0.01126,0.00338,0.88194,1.00000,0.93304,0.0000619
874,0.22538,0.21114,0.01349,0.00076,0.88194,1.00000,0.93304,0.0000612
875,0.24454,0.22749,0.01371,0.00333,0.88194,1.00000,0.93304,0.0000605
876,0.22109,0.20937,0.01111,0.00061,0.88194,1.00000,0.93304,0.0000598
877,0.22328,0.20880,0.01370,0.00078,0.88194,1.00000,0.93304,0.0000591
878,0.24922,0.23496,0.01355,0.00072,0.88194,1.00000,0.93304,0.0000584
879,0.21818,0.20372,0.01369,0.00077,0.88194,1.00000,0.93304,0.0000578
880,0.23076,0.21648,0.01329,0.00099,0.88194,1.00000,0.93304,0.0000571
881,0.25014,0.23556,0.01363,0.00095,0.88194,1.00000,0.93304,0.0000565
882,0.24011,0.22667,0.01252,0.00091,0.88194,1.00000,0.93304,0.0000558
883,0.23793,0.22571,0.01153,0.00069,0.88194,1.00000,0.93304,0.0000551
884,0.20219,0.18841,0.01294,0.00085,0.88194,1.00000,0.93304,0.0000545
885,0.22415,0.21258,0.01093,0.00064,0.88194,1.00000,0.93304,0.0000539
886,0.22526,0.21046,0.01385,0.00094,0.88194,1.00000,0.93304,0.0000532
887,0.22981,0.21694,0.01201,0.00086,0.88194,1.00000,0.93304,0.0000526
888,0.23152,0.21835,0.01247,0.00070,0.88194,1.00000,0.93304,0.0000520
889,0.23734,0.22032,0.01631,0.00071,0.88194,1.00000,0.93304,0.0000513
890,0.21218,0.19979,0.01174,0.00065,0.88194,1.00000,0.93304,0.0000507
891,0.21847,0.20522,0.01207,0.00118,0.88194,1.00000,0.93304,0.0000501
892,0.22357,0.20767,0.01514,0.00076,0.88194,1.00000,0.93304,0.0000495
893,0.21159,0.19771,0.01305,0.00083,0.88194,1.00000,0.93304,0.0000489
894,0.21360,0.19977,0.01315,0.00068,0.88194,1.00000,0.93304,0.0000483
895,0.24325,0.22858,0.01389,0.00078,0.88194,1.00000,0.93304,0.0000477
896,0.22973,0.21574,0.01311,0.00087,0.88194,1.00000,0.93304,0.0000471
897,0.20900,0.19548,0.01290,0.00062,0.88194,1.00000,0.93304,0.0000465
898,0.22241,0.20468,0.01700,0.00073,0.88194,1.00000,0.93304,0.0000459
899,0.21656,0.20352,0.01235,0.00068,0.88194,1.00000,0.93304,0.0000453
900,0.21465,0.20188,0.01212,0.00064,0.88194,1.00000,0.93304,0.0000448
901,0.26748,0.25388,0.01277,0.00083,0.88194,1.00000,0.93304,0.0000442
902,0.21832,0.20576,0.01189,0.00067,0.88194,1.00000,0.93304,0.0000436
903,0.21499,0.20177,0.01252,0.00071,0.88194,1.00000,0.93304,0.0000431
904,0.25576,0.24103,0.01257,0.00216,0.88194,1.00000,0.93304,0.0000425
905,0.20051,0.18803,0.01182,0.00065,0.88194,1.00000,0.93304,0.0000420
906,0.22428,0.21221,0.01128,0.00079,0.88194,1.00000,0.93304,0.0000414
907,0.21046,0.19857,0.01127,0.00062,0.88194,1.00000,0.93304,0.0000409
908,0.20489,0.19162,0.01256,0.00071,0.88194,1.00000,0.93304,0.0000403
909,0.21967,0.20119,0.01778,0.00070,0.88194,1.00000,0.93304,0.0000398
910,0.20908,0.19659,0.01184,0.00066,0.88194,1.00000,0.93304,0.0000393
911,0.20370,0.19006,0.01301,0.00063,0.88194,1.00000,0.93304,0.0000387
912,0.22924,0.21661,0.01191,0.00071,0.88194,1.00000,0.93304,0.0000382
913,0.22774,0.21319,0.01178,0.00277,0.88194,1.00000,0.93304,0.0000377
914,0.21760,0.20575,0.01119,0.00066,0.88194,1.00000,0.93304,0.0000372
915,0.21376,0.20045,0.01267,0.00064,0.88194,1.00000,0.93304,0.0000367
916,0.20245,0.19074,0.01110,0.00061,0.88194,1.00000,0.93304,0.0000362
917,0.23537,0.22224,0.01240,0.00074,0.88194,1.00000,0.93304,0.0000357
918,0.22354,0.21010,0.01273,0.00071,0.88194,1.00000,0.93304,0.0000352
919,0.21146,0.19721,0.01347,0.00078,0.88194,1.00000,0.93304,0.0000347
920,0.20351,0.19184,0.01107,0.00060,0.88194,1.00000,0.93304,0.0000342
921,0.22635,0.21281,0.01261,0.00094,0.88194,1.00000,0.93304,0.0000337
922,0.21661,0.20154,0.01286,0.00220,0.88194,1.00000,0.93304,0.0000333
923,0.23547,0.22143,0.01338,0.00065,0.88194,1.00000,0.93304,0.0000328
924,0.22141,0.20853,0.01216,0.00071,0.88194,1.00000,0.93304,0.0000323
925,0.22076,0.19875,0.02128,0.00073,0.88194,1.00000,0.93304,0.0000319
926,0.18673,0.17391,0.01218,0.00063,0.88194,1.00000,0.93304,0.0000314
927,0.20851,0.19554,0.01238,0.00058,0.88194,1.00000,0.93304,0.0000310
928,0.19664,0.18197,0.01396,0.00072,0.88194,1.00000,0.93304,0.0000305
929,0.20145,0.18803,0.01283,0.00060,0.88194,1.00000,0.93304,0.0000301
930,0.19987,0.18659,0.01266,0.00062,0.88194,1.00000,0.93304,0.0000297
931,0.19660,0.18416,0.01158,0.00085,0.88194,1.00000,0.93304,0.0000292
932,0.20786,0.19466,0.01240,0.00079,0.88194,1.00000,0.93304,0.0000288
933,0.22325,0.20954,0.01314,0.00058,0.88194,1.00000,0.93304,0.0000284
934,0.21644,0.20265,0.01306,0.00072,0.88194,1.00000,0.93304,0.0000280
935,0.20925,0.19566,0.01305,0.00054,0.88194,1.00000,0.93304,0.0000275
936,0.21710,0.20273,0.01362,0.00076,0.88194,1.00000,0.93304,0.0000271
937,0.20489,0.18990,0.01433,0.00066,0.88194,1.00000,0.93304,0.0000267
938,0.21398,0.19869,0.01465,0.00063,0.88194,1.00000,0.93304,0.0000263
939,0.19929,0.18794,0.01074,0.00061,0.88194,1.00000,0.93304,0.0000259
940,0.21406,0.19858,0.01243,0.00306,0.88194,1.00000,0.93304,0.0000256
941,0.18544,0.17261,0.01217,0.00066,0.88194,1.00000,0.93304,0.0000252
942,0.22027,0.20560,0.01388,0.00079,0.88194,1.00000,0.93304,0.0000248
943,0.20934,0.19810,0.01061,0.00063,0.88194,1.00000,0.93304,0.0000244
944,0.19810,0.18417,0.01328,0.00065,0.88194,1.00000,0.93304,0.0000240
945,0.21182,0.19454,0.01667,0.00061,0.88194,1.00000,0.93304,0.0000237
946,0.18685,0.17444,0.01169,0.00072,0.88194,1.00000,0.93304,0.0000233
947,0.17885,0.16667,0.01160,0.00058,0.88194,1.00000,0.93304,0.0000230
948,0.18850,0.17610,0.01181,0.00059,0.88194,1.00000,0.93304,0.0000226
949,0.19623,0.18451,0.01108,0.00064,0.88194,1.00000,0.93304,0.0000223
950,0.20373,0.19035,0.01281,0.00058,0.88194,1.00000,0.93304,0.0000219
951,0.20535,0.19259,0.01215,0.00060,0.88194,1.00000,0.93304,0.0000216
952,0.18410,0.17236,0.01117,0.00057,0.88194,1.00000,0.93304,0.0000213
953,0.20905,0.19531,0.01320,0.00055,0.88194,1.00000,0.93304,0.0000209
954,0.17994,0.16731,0.01197,0.00066,0.88194,1.00000,0.93304,0.0000206
955,0.18599,0.17389,0.01154,0.00056,0.88194,1.00000,0.93304,0.0000203
956,0.20178,0.18900,0.01220,0.00058,0.88194,1.00000,0.93304,0.0000200
957,0.17844,0.16548,0.01235,0.00061,0.88194,1.00000,0.93304,0.0000197
958,0.20434,0.19116,0.01262,0.00057,0.88194,1.00000,0.93304,0.0000194
959,0.19343,0.17990,0.01295,0.00057,0.88194,1.00000,0.93304,0.0000191
960,0.23759,0.21880,0.01144,0.00735,0.88194,1.00000,0.93304,0.0000188
961,0.20817,0.19535,0.01222,0.00060,0.88194,1.00000,0.93304,0.0000185
962,0.22886,0.20691,0.01955,0.00240,0.88194,1.00000,0.93304,0.0000182
963,0.21059,0.19624,0.01365,0.00070,0.88194,1.00000,0.93304,0.0000179
964,0.18771,0.17503,0.01204,0.00063,0.88194,1.00000,0.93304,0.0000176
965,0.21361,0.20084,0.01212,0.00065,0.88194,1.00000,0.93304,0.0000174
966,0.22397,0.21113,0.01228,0.00056,0.88194,1.00000,0.93304,0.0000171
967,0.19348,0.18145,0.01150,0.00054,0.88194,1.00000,0.93304,0.0000168
968,0.19886,0.18623,0.01202,0.00061,0.88194,1.00000,0.93304,0.0000166
969,0.20603,0.19294,0.01254,0.00055,0.88194,1.00000,0.93304,0.0000163
970,0.19875,0.18602,0.01212,0.00061,0.88194,1.00000,0.93304,0.0000161
971,0.21710,0.20459,0.01195,0.00055,0.88194,1.00000,0.93304,0.0000159
972,0.19604,0.18368,0.01174,0.00063,0.88194,1.00000,0.93304,0.0000156
973,0.19705,0.18442,0.01202,0.00060,0.88194,1.00000,0.93304,0.0000154
974,0.18101,0.16846,0.01199,0.00056,0.88194,1.00000,0.93304,0.0000152
975,0.20072,0.18567,0.01441,0.00064,0.88194,1.00000,0.93304,0.0000149
976,0.20058,0.18768,0.01233,0.00057,0.88194,1.00000,0.93304,0.0000147
977,0.18774,0.17304,0.01401,0.00069,0.88194,1.00000,0.93304,0.0000145
978,0.21007,0.19734,0.01216,0.00057,0.88194,1.00000,0.93304,0.0000143
979,0.18955,0.17666,0.01230,0.00058,0.88194,1.00000,0.93304,0.0000141
980,0.20761,0.19506,0.01194,0.00060,0.88194,1.00000,0.93304,0.0000139
981,0.20248,0.19070,0.01125,0.00052,0.88194,1.00000,0.93304,0.0000137
982,0.18020,0.16872,0.01093,0.00055,0.88194,1.00000,0.93304,0.0000135
983,0.22248,0.20782,0.01386,0.00079,0.88194,1.00000,0.93304,0.0000133
984,0.19986,0.18715,0.01216,0.00055,0.88194,1.00000,0.93304,0.0000132
985,0.20638,0.19449,0.01137,0.00052,0.88194,1.00000,0.93304,0.0000130
986,0.19250,0.18174,0.00991,0.00085,0.88194,1.00000,0.93304,0.0000128
987,0.20021,0.18835,0.01131,0.00054,0.88194,1.00000,0.93304,0.0000127
988,0.18775,0.17471,0.01248,0.00056,0.88194,1.00000,0.93304,0.0000125
989,0.21258,0.19689,0.01521,0.00049,0.88194,1.00000,0.93304,0.0000123
990,0.19070,0.17805,0.01211,0.00054,0.88194,1.00000,0.93304,0.0000122
991,0.19975,0.18798,0.01125,0.00052,0.88194,1.00000,0.93304,0.0000121
992,0.19059,0.17862,0.01133,0.00064,0.88194,1.00000,0.93304,0.0000119
993,0.18776,0.17694,0.01028,0.00054,0.88194,1.00000,0.93304,0.0000118
994,0.23474,0.22003,0.01388,0.00083,0.88194,1.00000,0.93304,0.0000117
995,0.19207,0.17824,0.01322,0.00060,0.88194,1.00000,0.93304,0.0000115
996,0.20545,0.19312,0.01155,0.00078,0.88194,1.00000,0.93304,0.0000114
997,0.19777,0.18529,0.01185,0.00062,0.88194,1.00000,0.93304,0.0000113
998,0.20265,0.19121,0.01092,0.00052,0.88194,1.00000,0.93304,0.0000112
999,0.18636,0.17373,0.01210,0.00053,0.88194,1.00000,0.93304,0.0000111
1000,0.19740,0.18218,0.01461,0.00061,0.88194,1.00000,0.93304,0.0000110
